platform,cascade_id,label,size
higgs_pre,higgs_pre_wcc_0,science_news,21422
higgs_pre,higgs_pre_wcc_1,science_news,137
higgs_pre,higgs_pre_wcc_2,science_news,109
higgs_pre,higgs_pre_wcc_3,science_news,32
higgs_pre,higgs_pre_wcc_4,science_news,26
higgs_pre,higgs_pre_wcc_5,science_news,24
higgs_pre,higgs_pre_wcc_6,science_news,20
higgs_pre,higgs_pre_wcc_7,science_news,17
higgs_pre,higgs_pre_wcc_8,science_news,17
higgs_pre,higgs_pre_wcc_9,science_news,17
higgs_pre,higgs_pre_wcc_10,science_news,14
higgs_pre,higgs_pre_wcc_11,science_news,14
higgs_pre,higgs_pre_wcc_12,science_news,14
higgs_pre,higgs_pre_wcc_13,science_news,13
higgs_pre,higgs_pre_wcc_14,science_news,13
higgs_pre,higgs_pre_wcc_15,science_news,13
higgs_pre,higgs_pre_wcc_16,science_news,13
higgs_pre,higgs_pre_wcc_17,science_news,12
higgs_pre,higgs_pre_wcc_18,science_news,12
higgs_pre,higgs_pre_wcc_19,science_news,12
higgs_pre,higgs_pre_wcc_20,science_news,12
higgs_pre,higgs_pre_wcc_21,science_news,11
higgs_pre,higgs_pre_wcc_22,science_news,11
higgs_pre,higgs_pre_wcc_23,science_news,11
higgs_pre,higgs_pre_wcc_24,science_news,11
higgs_pre,higgs_pre_wcc_25,science_news,11
higgs_pre,higgs_pre_wcc_26,science_news,11
higgs_pre,higgs_pre_wcc_27,science_news,11
higgs_pre,higgs_pre_wcc_28,science_news,11
higgs_pre,higgs_pre_wcc_29,science_news,11
higgs_pre,higgs_pre_wcc_30,science_news,11
higgs_pre,higgs_pre_wcc_31,science_news,10
higgs_pre,higgs_pre_wcc_32,science_news,10
higgs_pre,higgs_pre_wcc_33,science_news,10
higgs_pre,higgs_pre_wcc_34,science_news,10
higgs_pre,higgs_pre_wcc_35,science_news,10
higgs_pre,higgs_pre_wcc_36,science_news,10
higgs_pre,higgs_pre_wcc_37,science_news,9
higgs_pre,higgs_pre_wcc_38,science_news,9
higgs_pre,higgs_pre_wcc_39,science_news,9
higgs_pre,higgs_pre_wcc_40,science_news,9
higgs_pre,higgs_pre_wcc_41,science_news,9
higgs_pre,higgs_pre_wcc_42,science_news,9
higgs_pre,higgs_pre_wcc_43,science_news,9
higgs_pre,higgs_pre_wcc_44,science_news,9
higgs_pre,higgs_pre_wcc_45,science_news,9
higgs_pre,higgs_pre_wcc_46,science_news,9
higgs_pre,higgs_pre_wcc_47,science_news,9
higgs_pre,higgs_pre_wcc_48,science_news,8
higgs_pre,higgs_pre_wcc_49,science_news,8
higgs_pre,higgs_pre_wcc_50,science_news,8
higgs_pre,higgs_pre_wcc_51,science_news,8
higgs_pre,higgs_pre_wcc_52,science_news,8
higgs_pre,higgs_pre_wcc_53,science_news,8
higgs_pre,higgs_pre_wcc_54,science_news,8
higgs_pre,higgs_pre_wcc_55,science_news,8
higgs_pre,higgs_pre_wcc_56,science_news,8
higgs_pre,higgs_pre_wcc_57,science_news,8
higgs_pre,higgs_pre_wcc_58,science_news,8
higgs_pre,higgs_pre_wcc_59,science_news,8
higgs_pre,higgs_pre_wcc_60,science_news,8
higgs_pre,higgs_pre_wcc_61,science_news,7
higgs_pre,higgs_pre_wcc_62,science_news,7
higgs_pre,higgs_pre_wcc_63,science_news,7
higgs_pre,higgs_pre_wcc_64,science_news,7
higgs_pre,higgs_pre_wcc_65,science_news,7
higgs_pre,higgs_pre_wcc_66,science_news,7
higgs_pre,higgs_pre_wcc_67,science_news,7
higgs_pre,higgs_pre_wcc_68,science_news,7
higgs_pre,higgs_pre_wcc_69,science_news,7
higgs_pre,higgs_pre_wcc_70,science_news,7
higgs_pre,higgs_pre_wcc_71,science_news,7
higgs_pre,higgs_pre_wcc_72,science_news,7
higgs_pre,higgs_pre_wcc_73,science_news,7
higgs_pre,higgs_pre_wcc_74,science_news,7
higgs_pre,higgs_pre_wcc_75,science_news,7
higgs_pre,higgs_pre_wcc_76,science_news,7
higgs_pre,higgs_pre_wcc_77,science_news,7
higgs_pre,higgs_pre_wcc_78,science_news,7
higgs_pre,higgs_pre_wcc_79,science_news,7
higgs_pre,higgs_pre_wcc_80,science_news,7
higgs_pre,higgs_pre_wcc_81,science_news,7
higgs_pre,higgs_pre_wcc_82,science_news,7
higgs_pre,higgs_pre_wcc_83,science_news,7
higgs_pre,higgs_pre_wcc_84,science_news,7
higgs_pre,higgs_pre_wcc_85,science_news,7
higgs_pre,higgs_pre_wcc_86,science_news,7
higgs_pre,higgs_pre_wcc_87,science_news,7
higgs_pre,higgs_pre_wcc_88,science_news,7
higgs_pre,higgs_pre_wcc_89,science_news,6
higgs_pre,higgs_pre_wcc_90,science_news,6
higgs_pre,higgs_pre_wcc_91,science_news,6
higgs_pre,higgs_pre_wcc_92,science_news,6
higgs_pre,higgs_pre_wcc_93,science_news,6
higgs_pre,higgs_pre_wcc_94,science_news,6
higgs_pre,higgs_pre_wcc_95,science_news,6
higgs_pre,higgs_pre_wcc_96,science_news,6
higgs_pre,higgs_pre_wcc_97,science_news,6
higgs_pre,higgs_pre_wcc_98,science_news,6
higgs_pre,higgs_pre_wcc_99,science_news,6
higgs_pre,higgs_pre_wcc_100,science_news,6
higgs_pre,higgs_pre_wcc_101,science_news,6
higgs_pre,higgs_pre_wcc_102,science_news,6
higgs_pre,higgs_pre_wcc_103,science_news,6
higgs_pre,higgs_pre_wcc_104,science_news,6
higgs_pre,higgs_pre_wcc_105,science_news,6
higgs_pre,higgs_pre_wcc_106,science_news,6
higgs_pre,higgs_pre_wcc_107,science_news,6
higgs_pre,higgs_pre_wcc_108,science_news,6
higgs_pre,higgs_pre_wcc_109,science_news,6
higgs_pre,higgs_pre_wcc_110,science_news,6
higgs_pre,higgs_pre_wcc_111,science_news,6
higgs_pre,higgs_pre_wcc_112,science_news,6
higgs_pre,higgs_pre_wcc_113,science_news,6
higgs_pre,higgs_pre_wcc_114,science_news,6
higgs_pre,higgs_pre_wcc_115,science_news,6
higgs_pre,higgs_pre_wcc_116,science_news,6
higgs_pre,higgs_pre_wcc_117,science_news,6
higgs_pre,higgs_pre_wcc_118,science_news,6
higgs_pre,higgs_pre_wcc_119,science_news,6
higgs_pre,higgs_pre_wcc_120,science_news,6
higgs_pre,higgs_pre_wcc_121,science_news,6
higgs_pre,higgs_pre_wcc_122,science_news,6
higgs_pre,higgs_pre_wcc_123,science_news,6
higgs_pre,higgs_pre_wcc_124,science_news,6
higgs_pre,higgs_pre_wcc_125,science_news,5
higgs_pre,higgs_pre_wcc_126,science_news,5
higgs_pre,higgs_pre_wcc_127,science_news,5
higgs_pre,higgs_pre_wcc_128,science_news,5
higgs_pre,higgs_pre_wcc_129,science_news,5
higgs_pre,higgs_pre_wcc_130,science_news,5
higgs_pre,higgs_pre_wcc_131,science_news,5
higgs_pre,higgs_pre_wcc_132,science_news,5
higgs_pre,higgs_pre_wcc_133,science_news,5
higgs_pre,higgs_pre_wcc_134,science_news,5
higgs_pre,higgs_pre_wcc_135,science_news,5
higgs_pre,higgs_pre_wcc_136,science_news,5
higgs_pre,higgs_pre_wcc_137,science_news,5
higgs_pre,higgs_pre_wcc_138,science_news,5
higgs_pre,higgs_pre_wcc_139,science_news,5
higgs_pre,higgs_pre_wcc_140,science_news,5
higgs_pre,higgs_pre_wcc_141,science_news,5
higgs_pre,higgs_pre_wcc_142,science_news,5
higgs_pre,higgs_pre_wcc_143,science_news,5
higgs_pre,higgs_pre_wcc_144,science_news,5
higgs_pre,higgs_pre_wcc_145,science_news,5
higgs_pre,higgs_pre_wcc_146,science_news,5
higgs_pre,higgs_pre_wcc_147,science_news,5
higgs_pre,higgs_pre_wcc_148,science_news,5
higgs_pre,higgs_pre_wcc_149,science_news,5
higgs_pre,higgs_pre_wcc_150,science_news,5
higgs_pre,higgs_pre_wcc_151,science_news,5
higgs_pre,higgs_pre_wcc_152,science_news,5
higgs_pre,higgs_pre_wcc_153,science_news,5
higgs_pre,higgs_pre_wcc_154,science_news,5
higgs_pre,higgs_pre_wcc_155,science_news,5
higgs_pre,higgs_pre_wcc_156,science_news,5
higgs_pre,higgs_pre_wcc_157,science_news,5
higgs_pre,higgs_pre_wcc_158,science_news,5
higgs_pre,higgs_pre_wcc_159,science_news,5
higgs_pre,higgs_pre_wcc_160,science_news,5
higgs_pre,higgs_pre_wcc_161,science_news,5
higgs_pre,higgs_pre_wcc_162,science_news,5
higgs_pre,higgs_pre_wcc_163,science_news,5
higgs_pre,higgs_pre_wcc_164,science_news,5
higgs_pre,higgs_pre_wcc_165,science_news,5
higgs_pre,higgs_pre_wcc_166,science_news,5
higgs_pre,higgs_pre_wcc_167,science_news,5
higgs_pre,higgs_pre_wcc_168,science_news,5
higgs_pre,higgs_pre_wcc_169,science_news,5
higgs_pre,higgs_pre_wcc_170,science_news,5
higgs_pre,higgs_pre_wcc_171,science_news,5
higgs_pre,higgs_pre_wcc_172,science_news,5
higgs_pre,higgs_pre_wcc_173,science_news,5
higgs_pre,higgs_pre_wcc_174,science_news,5
higgs_pre,higgs_pre_wcc_175,science_news,5
higgs_pre,higgs_pre_wcc_176,science_news,5
higgs_pre,higgs_pre_wcc_177,science_news,5
higgs_pre,higgs_pre_wcc_178,science_news,5
higgs_pre,higgs_pre_wcc_179,science_news,4
higgs_pre,higgs_pre_wcc_180,science_news,4
higgs_pre,higgs_pre_wcc_181,science_news,4
higgs_pre,higgs_pre_wcc_182,science_news,4
higgs_pre,higgs_pre_wcc_183,science_news,4
higgs_pre,higgs_pre_wcc_184,science_news,4
higgs_pre,higgs_pre_wcc_185,science_news,4
higgs_pre,higgs_pre_wcc_186,science_news,4
higgs_pre,higgs_pre_wcc_187,science_news,4
higgs_pre,higgs_pre_wcc_188,science_news,4
higgs_pre,higgs_pre_wcc_189,science_news,4
higgs_pre,higgs_pre_wcc_190,science_news,4
higgs_pre,higgs_pre_wcc_191,science_news,4
higgs_pre,higgs_pre_wcc_192,science_news,4
higgs_pre,higgs_pre_wcc_193,science_news,4
higgs_pre,higgs_pre_wcc_194,science_news,4
higgs_pre,higgs_pre_wcc_195,science_news,4
higgs_pre,higgs_pre_wcc_196,science_news,4
higgs_pre,higgs_pre_wcc_197,science_news,4
higgs_pre,higgs_pre_wcc_198,science_news,4
higgs_pre,higgs_pre_wcc_199,science_news,4
higgs_pre,higgs_pre_wcc_200,science_news,4
higgs_pre,higgs_pre_wcc_201,science_news,4
higgs_pre,higgs_pre_wcc_202,science_news,4
higgs_pre,higgs_pre_wcc_203,science_news,4
higgs_pre,higgs_pre_wcc_204,science_news,4
higgs_pre,higgs_pre_wcc_205,science_news,4
higgs_pre,higgs_pre_wcc_206,science_news,4
higgs_pre,higgs_pre_wcc_207,science_news,4
higgs_pre,higgs_pre_wcc_208,science_news,4
higgs_pre,higgs_pre_wcc_209,science_news,4
higgs_pre,higgs_pre_wcc_210,science_news,4
higgs_pre,higgs_pre_wcc_211,science_news,4
higgs_pre,higgs_pre_wcc_212,science_news,4
higgs_pre,higgs_pre_wcc_213,science_news,4
higgs_pre,higgs_pre_wcc_214,science_news,4
higgs_pre,higgs_pre_wcc_215,science_news,4
higgs_pre,higgs_pre_wcc_216,science_news,4
higgs_pre,higgs_pre_wcc_217,science_news,4
higgs_pre,higgs_pre_wcc_218,science_news,4
higgs_pre,higgs_pre_wcc_219,science_news,4
higgs_pre,higgs_pre_wcc_220,science_news,4
higgs_pre,higgs_pre_wcc_221,science_news,4
higgs_pre,higgs_pre_wcc_222,science_news,4
higgs_pre,higgs_pre_wcc_223,science_news,4
higgs_pre,higgs_pre_wcc_224,science_news,4
higgs_pre,higgs_pre_wcc_225,science_news,4
higgs_pre,higgs_pre_wcc_226,science_news,4
higgs_pre,higgs_pre_wcc_227,science_news,4
higgs_pre,higgs_pre_wcc_228,science_news,4
higgs_pre,higgs_pre_wcc_229,science_news,4
higgs_pre,higgs_pre_wcc_230,science_news,4
higgs_pre,higgs_pre_wcc_231,science_news,4
higgs_pre,higgs_pre_wcc_232,science_news,4
higgs_pre,higgs_pre_wcc_233,science_news,4
higgs_pre,higgs_pre_wcc_234,science_news,4
higgs_pre,higgs_pre_wcc_235,science_news,4
higgs_pre,higgs_pre_wcc_236,science_news,4
higgs_pre,higgs_pre_wcc_237,science_news,4
higgs_pre,higgs_pre_wcc_238,science_news,4
higgs_pre,higgs_pre_wcc_239,science_news,4
higgs_pre,higgs_pre_wcc_240,science_news,4
higgs_pre,higgs_pre_wcc_241,science_news,4
higgs_pre,higgs_pre_wcc_242,science_news,4
higgs_pre,higgs_pre_wcc_243,science_news,4
higgs_pre,higgs_pre_wcc_244,science_news,4
higgs_pre,higgs_pre_wcc_245,science_news,4
higgs_pre,higgs_pre_wcc_246,science_news,4
higgs_pre,higgs_pre_wcc_247,science_news,4
higgs_pre,higgs_pre_wcc_248,science_news,4
higgs_pre,higgs_pre_wcc_249,science_news,4
higgs_pre,higgs_pre_wcc_250,science_news,4
higgs_pre,higgs_pre_wcc_251,science_news,4
higgs_pre,higgs_pre_wcc_252,science_news,4
higgs_pre,higgs_pre_wcc_253,science_news,4
higgs_pre,higgs_pre_wcc_254,science_news,4
higgs_pre,higgs_pre_wcc_255,science_news,4
higgs_pre,higgs_pre_wcc_256,science_news,4
higgs_pre,higgs_pre_wcc_257,science_news,4
higgs_pre,higgs_pre_wcc_258,science_news,4
higgs_pre,higgs_pre_wcc_259,science_news,4
higgs_pre,higgs_pre_wcc_260,science_news,4
higgs_pre,higgs_pre_wcc_261,science_news,4
higgs_pre,higgs_pre_wcc_262,science_news,4
higgs_pre,higgs_pre_wcc_263,science_news,4
higgs_pre,higgs_pre_wcc_264,science_news,4
higgs_pre,higgs_pre_wcc_265,science_news,4
higgs_pre,higgs_pre_wcc_266,science_news,4
higgs_pre,higgs_pre_wcc_267,science_news,4
higgs_pre,higgs_pre_wcc_268,science_news,4
higgs_pre,higgs_pre_wcc_269,science_news,4
higgs_pre,higgs_pre_wcc_270,science_news,4
higgs_pre,higgs_pre_wcc_271,science_news,4
higgs_pre,higgs_pre_wcc_272,science_news,4
higgs_pre,higgs_pre_wcc_273,science_news,4
higgs_pre,higgs_pre_wcc_274,science_news,4
higgs_pre,higgs_pre_wcc_275,science_news,4
higgs_pre,higgs_pre_wcc_276,science_news,4
higgs_pre,higgs_pre_wcc_277,science_news,4
higgs_pre,higgs_pre_wcc_278,science_news,4
higgs_pre,higgs_pre_wcc_279,science_news,4
higgs_pre,higgs_pre_wcc_280,science_news,4
higgs_pre,higgs_pre_wcc_281,science_news,4
higgs_pre,higgs_pre_wcc_282,science_news,4
higgs_pre,higgs_pre_wcc_283,science_news,4
higgs_pre,higgs_pre_wcc_284,science_news,4
higgs_pre,higgs_pre_wcc_285,science_news,4
higgs_pre,higgs_pre_wcc_286,science_news,4
higgs_pre,higgs_pre_wcc_287,science_news,4
higgs_pre,higgs_pre_wcc_288,science_news,4
higgs_pre,higgs_pre_wcc_289,science_news,4
higgs_pre,higgs_pre_wcc_290,science_news,4
higgs_pre,higgs_pre_wcc_291,science_news,4
higgs_pre,higgs_pre_wcc_292,science_news,4
higgs_pre,higgs_pre_wcc_293,science_news,4
higgs_pre,higgs_pre_wcc_294,science_news,4
higgs_pre,higgs_pre_wcc_295,science_news,4
higgs_pre,higgs_pre_wcc_296,science_news,4
higgs_pre,higgs_pre_wcc_297,science_news,4
higgs_pre,higgs_pre_wcc_298,science_news,4
higgs_pre,higgs_pre_wcc_299,science_news,4
higgs_pre,higgs_pre_wcc_300,science_news,4
higgs_pre,higgs_pre_wcc_301,science_news,4
higgs_pre,higgs_pre_wcc_302,science_news,4
higgs_pre,higgs_pre_wcc_303,science_news,4
higgs_pre,higgs_pre_wcc_304,science_news,4
higgs_pre,higgs_pre_wcc_305,science_news,3
higgs_pre,higgs_pre_wcc_306,science_news,3
higgs_pre,higgs_pre_wcc_307,science_news,3
higgs_pre,higgs_pre_wcc_308,science_news,3
higgs_pre,higgs_pre_wcc_309,science_news,3
higgs_pre,higgs_pre_wcc_310,science_news,3
higgs_pre,higgs_pre_wcc_311,science_news,3
higgs_pre,higgs_pre_wcc_312,science_news,3
higgs_pre,higgs_pre_wcc_313,science_news,3
higgs_pre,higgs_pre_wcc_314,science_news,3
higgs_pre,higgs_pre_wcc_315,science_news,3
higgs_pre,higgs_pre_wcc_316,science_news,3
higgs_pre,higgs_pre_wcc_317,science_news,3
higgs_pre,higgs_pre_wcc_318,science_news,3
higgs_pre,higgs_pre_wcc_319,science_news,3
higgs_pre,higgs_pre_wcc_320,science_news,3
higgs_pre,higgs_pre_wcc_321,science_news,3
higgs_pre,higgs_pre_wcc_322,science_news,3
higgs_pre,higgs_pre_wcc_323,science_news,3
higgs_pre,higgs_pre_wcc_324,science_news,3
higgs_pre,higgs_pre_wcc_325,science_news,3
higgs_pre,higgs_pre_wcc_326,science_news,3
higgs_pre,higgs_pre_wcc_327,science_news,3
higgs_pre,higgs_pre_wcc_328,science_news,3
higgs_pre,higgs_pre_wcc_329,science_news,3
higgs_pre,higgs_pre_wcc_330,science_news,3
higgs_pre,higgs_pre_wcc_331,science_news,3
higgs_pre,higgs_pre_wcc_332,science_news,3
higgs_pre,higgs_pre_wcc_333,science_news,3
higgs_pre,higgs_pre_wcc_334,science_news,3
higgs_pre,higgs_pre_wcc_335,science_news,3
higgs_pre,higgs_pre_wcc_336,science_news,3
higgs_pre,higgs_pre_wcc_337,science_news,3
higgs_pre,higgs_pre_wcc_338,science_news,3
higgs_pre,higgs_pre_wcc_339,science_news,3
higgs_pre,higgs_pre_wcc_340,science_news,3
higgs_pre,higgs_pre_wcc_341,science_news,3
higgs_pre,higgs_pre_wcc_342,science_news,3
higgs_pre,higgs_pre_wcc_343,science_news,3
higgs_pre,higgs_pre_wcc_344,science_news,3
higgs_pre,higgs_pre_wcc_345,science_news,3
higgs_pre,higgs_pre_wcc_346,science_news,3
higgs_pre,higgs_pre_wcc_347,science_news,3
higgs_pre,higgs_pre_wcc_348,science_news,3
higgs_pre,higgs_pre_wcc_349,science_news,3
higgs_pre,higgs_pre_wcc_350,science_news,3
higgs_pre,higgs_pre_wcc_351,science_news,3
higgs_pre,higgs_pre_wcc_352,science_news,3
higgs_pre,higgs_pre_wcc_353,science_news,3
higgs_pre,higgs_pre_wcc_354,science_news,3
higgs_pre,higgs_pre_wcc_355,science_news,3
higgs_pre,higgs_pre_wcc_356,science_news,3
higgs_pre,higgs_pre_wcc_357,science_news,3
higgs_pre,higgs_pre_wcc_358,science_news,3
higgs_pre,higgs_pre_wcc_359,science_news,3
higgs_pre,higgs_pre_wcc_360,science_news,3
higgs_pre,higgs_pre_wcc_361,science_news,3
higgs_pre,higgs_pre_wcc_362,science_news,3
higgs_pre,higgs_pre_wcc_363,science_news,3
higgs_pre,higgs_pre_wcc_364,science_news,3
higgs_pre,higgs_pre_wcc_365,science_news,3
higgs_pre,higgs_pre_wcc_366,science_news,3
higgs_pre,higgs_pre_wcc_367,science_news,3
higgs_pre,higgs_pre_wcc_368,science_news,3
higgs_pre,higgs_pre_wcc_369,science_news,3
higgs_pre,higgs_pre_wcc_370,science_news,3
higgs_pre,higgs_pre_wcc_371,science_news,3
higgs_pre,higgs_pre_wcc_372,science_news,3
higgs_pre,higgs_pre_wcc_373,science_news,3
higgs_pre,higgs_pre_wcc_374,science_news,3
higgs_pre,higgs_pre_wcc_375,science_news,3
higgs_pre,higgs_pre_wcc_376,science_news,3
higgs_pre,higgs_pre_wcc_377,science_news,3
higgs_pre,higgs_pre_wcc_378,science_news,3
higgs_pre,higgs_pre_wcc_379,science_news,3
higgs_pre,higgs_pre_wcc_380,science_news,3
higgs_pre,higgs_pre_wcc_381,science_news,3
higgs_pre,higgs_pre_wcc_382,science_news,3
higgs_pre,higgs_pre_wcc_383,science_news,3
higgs_pre,higgs_pre_wcc_384,science_news,3
higgs_pre,higgs_pre_wcc_385,science_news,3
higgs_pre,higgs_pre_wcc_386,science_news,3
higgs_pre,higgs_pre_wcc_387,science_news,3
higgs_pre,higgs_pre_wcc_388,science_news,3
higgs_pre,higgs_pre_wcc_389,science_news,3
higgs_pre,higgs_pre_wcc_390,science_news,3
higgs_pre,higgs_pre_wcc_391,science_news,3
higgs_pre,higgs_pre_wcc_392,science_news,3
higgs_pre,higgs_pre_wcc_393,science_news,3
higgs_pre,higgs_pre_wcc_394,science_news,3
higgs_pre,higgs_pre_wcc_395,science_news,3
higgs_pre,higgs_pre_wcc_396,science_news,3
higgs_pre,higgs_pre_wcc_397,science_news,3
higgs_pre,higgs_pre_wcc_398,science_news,3
higgs_pre,higgs_pre_wcc_399,science_news,3
higgs_pre,higgs_pre_wcc_400,science_news,3
higgs_pre,higgs_pre_wcc_401,science_news,3
higgs_pre,higgs_pre_wcc_402,science_news,3
higgs_pre,higgs_pre_wcc_403,science_news,3
higgs_pre,higgs_pre_wcc_404,science_news,3
higgs_pre,higgs_pre_wcc_405,science_news,3
higgs_pre,higgs_pre_wcc_406,science_news,3
higgs_pre,higgs_pre_wcc_407,science_news,3
higgs_pre,higgs_pre_wcc_408,science_news,3
higgs_pre,higgs_pre_wcc_409,science_news,3
higgs_pre,higgs_pre_wcc_410,science_news,3
higgs_pre,higgs_pre_wcc_411,science_news,3
higgs_pre,higgs_pre_wcc_412,science_news,3
higgs_pre,higgs_pre_wcc_413,science_news,3
higgs_pre,higgs_pre_wcc_414,science_news,3
higgs_pre,higgs_pre_wcc_415,science_news,3
higgs_pre,higgs_pre_wcc_416,science_news,3
higgs_pre,higgs_pre_wcc_417,science_news,3
higgs_pre,higgs_pre_wcc_418,science_news,3
higgs_pre,higgs_pre_wcc_419,science_news,3
higgs_pre,higgs_pre_wcc_420,science_news,3
higgs_pre,higgs_pre_wcc_421,science_news,3
higgs_pre,higgs_pre_wcc_422,science_news,3
higgs_pre,higgs_pre_wcc_423,science_news,3
higgs_pre,higgs_pre_wcc_424,science_news,3
higgs_pre,higgs_pre_wcc_425,science_news,3
higgs_pre,higgs_pre_wcc_426,science_news,3
higgs_pre,higgs_pre_wcc_427,science_news,3
higgs_pre,higgs_pre_wcc_428,science_news,3
higgs_pre,higgs_pre_wcc_429,science_news,3
higgs_pre,higgs_pre_wcc_430,science_news,3
higgs_pre,higgs_pre_wcc_431,science_news,3
higgs_pre,higgs_pre_wcc_432,science_news,3
higgs_pre,higgs_pre_wcc_433,science_news,3
higgs_pre,higgs_pre_wcc_434,science_news,3
higgs_pre,higgs_pre_wcc_435,science_news,3
higgs_pre,higgs_pre_wcc_436,science_news,3
higgs_pre,higgs_pre_wcc_437,science_news,3
higgs_pre,higgs_pre_wcc_438,science_news,3
higgs_pre,higgs_pre_wcc_439,science_news,3
higgs_pre,higgs_pre_wcc_440,science_news,3
higgs_pre,higgs_pre_wcc_441,science_news,3
higgs_pre,higgs_pre_wcc_442,science_news,3
higgs_pre,higgs_pre_wcc_443,science_news,3
higgs_pre,higgs_pre_wcc_444,science_news,3
higgs_pre,higgs_pre_wcc_445,science_news,3
higgs_pre,higgs_pre_wcc_446,science_news,3
higgs_pre,higgs_pre_wcc_447,science_news,3
higgs_pre,higgs_pre_wcc_448,science_news,3
higgs_pre,higgs_pre_wcc_449,science_news,3
higgs_pre,higgs_pre_wcc_450,science_news,3
higgs_pre,higgs_pre_wcc_451,science_news,3
higgs_pre,higgs_pre_wcc_452,science_news,3
higgs_pre,higgs_pre_wcc_453,science_news,3
higgs_pre,higgs_pre_wcc_454,science_news,3
higgs_pre,higgs_pre_wcc_455,science_news,3
higgs_pre,higgs_pre_wcc_456,science_news,3
higgs_pre,higgs_pre_wcc_457,science_news,3
higgs_pre,higgs_pre_wcc_458,science_news,3
higgs_pre,higgs_pre_wcc_459,science_news,3
higgs_pre,higgs_pre_wcc_460,science_news,3
higgs_pre,higgs_pre_wcc_461,science_news,3
higgs_pre,higgs_pre_wcc_462,science_news,3
higgs_pre,higgs_pre_wcc_463,science_news,3
higgs_pre,higgs_pre_wcc_464,science_news,3
higgs_pre,higgs_pre_wcc_465,science_news,3
higgs_pre,higgs_pre_wcc_466,science_news,3
higgs_pre,higgs_pre_wcc_467,science_news,3
higgs_pre,higgs_pre_wcc_468,science_news,3
higgs_pre,higgs_pre_wcc_469,science_news,3
higgs_pre,higgs_pre_wcc_470,science_news,3
higgs_pre,higgs_pre_wcc_471,science_news,3
higgs_pre,higgs_pre_wcc_472,science_news,3
higgs_pre,higgs_pre_wcc_473,science_news,3
higgs_pre,higgs_pre_wcc_474,science_news,3
higgs_pre,higgs_pre_wcc_475,science_news,3
higgs_pre,higgs_pre_wcc_476,science_news,3
higgs_pre,higgs_pre_wcc_477,science_news,3
higgs_pre,higgs_pre_wcc_478,science_news,3
higgs_pre,higgs_pre_wcc_479,science_news,3
higgs_pre,higgs_pre_wcc_480,science_news,3
higgs_pre,higgs_pre_wcc_481,science_news,3
higgs_pre,higgs_pre_wcc_482,science_news,3
higgs_pre,higgs_pre_wcc_483,science_news,3
higgs_pre,higgs_pre_wcc_484,science_news,3
higgs_pre,higgs_pre_wcc_485,science_news,3
higgs_pre,higgs_pre_wcc_486,science_news,3
higgs_pre,higgs_pre_wcc_487,science_news,3
higgs_pre,higgs_pre_wcc_488,science_news,3
higgs_pre,higgs_pre_wcc_489,science_news,3
higgs_pre,higgs_pre_wcc_490,science_news,3
higgs_pre,higgs_pre_wcc_491,science_news,3
higgs_pre,higgs_pre_wcc_492,science_news,3
higgs_pre,higgs_pre_wcc_493,science_news,3
higgs_pre,higgs_pre_wcc_494,science_news,3
higgs_pre,higgs_pre_wcc_495,science_news,3
higgs_pre,higgs_pre_wcc_496,science_news,3
higgs_pre,higgs_pre_wcc_497,science_news,3
higgs_pre,higgs_pre_wcc_498,science_news,3
higgs_pre,higgs_pre_wcc_499,science_news,3
higgs_pre,higgs_pre_wcc_500,science_news,3
higgs_pre,higgs_pre_wcc_501,science_news,3
higgs_pre,higgs_pre_wcc_502,science_news,3
higgs_pre,higgs_pre_wcc_503,science_news,3
higgs_pre,higgs_pre_wcc_504,science_news,3
higgs_pre,higgs_pre_wcc_505,science_news,3
higgs_pre,higgs_pre_wcc_506,science_news,3
higgs_pre,higgs_pre_wcc_507,science_news,3
higgs_pre,higgs_pre_wcc_508,science_news,3
higgs_pre,higgs_pre_wcc_509,science_news,3
higgs_pre,higgs_pre_wcc_510,science_news,3
higgs_pre,higgs_pre_wcc_511,science_news,3
higgs_pre,higgs_pre_wcc_512,science_news,3
higgs_pre,higgs_pre_wcc_513,science_news,3
higgs_pre,higgs_pre_wcc_514,science_news,3
higgs_pre,higgs_pre_wcc_515,science_news,3
higgs_pre,higgs_pre_wcc_516,science_news,3
higgs_pre,higgs_pre_wcc_517,science_news,3
higgs_pre,higgs_pre_wcc_518,science_news,3
higgs_pre,higgs_pre_wcc_519,science_news,3
higgs_pre,higgs_pre_wcc_520,science_news,3
higgs_pre,higgs_pre_wcc_521,science_news,3
higgs_pre,higgs_pre_wcc_522,science_news,3
higgs_pre,higgs_pre_wcc_523,science_news,3
higgs_pre,higgs_pre_wcc_524,science_news,3
higgs_pre,higgs_pre_wcc_525,science_news,3
higgs_pre,higgs_pre_wcc_526,science_news,3
higgs_pre,higgs_pre_wcc_527,science_news,3
higgs_pre,higgs_pre_wcc_528,science_news,3
higgs_pre,higgs_pre_wcc_529,science_news,3
higgs_pre,higgs_pre_wcc_530,science_news,3
higgs_pre,higgs_pre_wcc_531,science_news,3
higgs_pre,higgs_pre_wcc_532,science_news,3
higgs_pre,higgs_pre_wcc_533,science_news,3
higgs_pre,higgs_pre_wcc_534,science_news,3
higgs_pre,higgs_pre_wcc_535,science_news,3
higgs_pre,higgs_pre_wcc_536,science_news,3
higgs_pre,higgs_pre_wcc_537,science_news,3
higgs_pre,higgs_pre_wcc_538,science_news,3
higgs_pre,higgs_pre_wcc_539,science_news,3
higgs_pre,higgs_pre_wcc_540,science_news,3
higgs_pre,higgs_pre_wcc_541,science_news,3
higgs_pre,higgs_pre_wcc_542,science_news,3
higgs_pre,higgs_pre_wcc_543,science_news,3
higgs_pre,higgs_pre_wcc_544,science_news,3
higgs_pre,higgs_pre_wcc_545,science_news,3
higgs_pre,higgs_pre_wcc_546,science_news,3
higgs_pre,higgs_pre_wcc_547,science_news,3
higgs_pre,higgs_pre_wcc_548,science_news,3
higgs_pre,higgs_pre_wcc_549,science_news,3
higgs_pre,higgs_pre_wcc_550,science_news,3
higgs_pre,higgs_pre_wcc_551,science_news,3
higgs_pre,higgs_pre_wcc_552,science_news,3
higgs_pre,higgs_pre_wcc_553,science_news,3
higgs_pre,higgs_pre_wcc_554,science_news,3
higgs_pre,higgs_pre_wcc_555,science_news,3
higgs_pre,higgs_pre_wcc_556,science_news,3
higgs_pre,higgs_pre_wcc_557,science_news,3
higgs_pre,higgs_pre_wcc_558,science_news,3
higgs_pre,higgs_pre_wcc_559,science_news,3
higgs_pre,higgs_pre_wcc_560,science_news,3
higgs_pre,higgs_pre_wcc_561,science_news,3
higgs_pre,higgs_pre_wcc_562,science_news,3
higgs_pre,higgs_pre_wcc_563,science_news,3
higgs_pre,higgs_pre_wcc_564,science_news,3
higgs_pre,higgs_pre_wcc_565,science_news,3
higgs_pre,higgs_pre_wcc_566,science_news,3
higgs_pre,higgs_pre_wcc_567,science_news,3
higgs_pre,higgs_pre_wcc_568,science_news,3
higgs_pre,higgs_pre_wcc_569,science_news,3
higgs_pre,higgs_pre_wcc_570,science_news,3
higgs_pre,higgs_pre_wcc_571,science_news,3
higgs_pre,higgs_pre_wcc_572,science_news,3
higgs_pre,higgs_pre_wcc_573,science_news,3
higgs_pre,higgs_pre_wcc_574,science_news,3
higgs_pre,higgs_pre_wcc_575,science_news,3
higgs_pre,higgs_pre_wcc_576,science_news,3
higgs_pre,higgs_pre_wcc_577,science_news,3
higgs_pre,higgs_pre_wcc_578,science_news,3
higgs_pre,higgs_pre_wcc_579,science_news,3
higgs_pre,higgs_pre_wcc_580,science_news,3
higgs_pre,higgs_pre_wcc_581,science_news,3
higgs_pre,higgs_pre_wcc_582,science_news,3
higgs_pre,higgs_pre_wcc_583,science_news,3
higgs_pre,higgs_pre_wcc_584,science_news,3
higgs_pre,higgs_pre_wcc_585,science_news,3
higgs_pre,higgs_pre_wcc_586,science_news,3
higgs_pre,higgs_pre_wcc_587,science_news,3
higgs_pre,higgs_pre_wcc_588,science_news,3
higgs_pre,higgs_pre_wcc_589,science_news,3
higgs_pre,higgs_pre_wcc_590,science_news,3
higgs_pre,higgs_pre_wcc_591,science_news,3
higgs_pre,higgs_pre_wcc_592,science_news,3
higgs_pre,higgs_pre_wcc_593,science_news,3
higgs_pre,higgs_pre_wcc_594,science_news,3
higgs_pre,higgs_pre_wcc_595,science_news,3
higgs_pre,higgs_pre_wcc_596,science_news,3
higgs_pre,higgs_pre_wcc_597,science_news,3
higgs_pre,higgs_pre_wcc_598,science_news,3
higgs_pre,higgs_pre_wcc_599,science_news,3
higgs_pre,higgs_pre_wcc_600,science_news,3
higgs_pre,higgs_pre_wcc_601,science_news,3
higgs_pre,higgs_pre_wcc_602,science_news,3
higgs_pre,higgs_pre_wcc_603,science_news,3
higgs_pre,higgs_pre_wcc_604,science_news,3
higgs_pre,higgs_pre_wcc_605,science_news,3
higgs_pre,higgs_pre_wcc_606,science_news,3
higgs_pre,higgs_pre_wcc_607,science_news,3
higgs_pre,higgs_pre_wcc_608,science_news,3
higgs_pre,higgs_pre_wcc_609,science_news,3
higgs_pre,higgs_pre_wcc_610,science_news,3
higgs_pre,higgs_pre_wcc_611,science_news,3
higgs_pre,higgs_pre_wcc_612,science_news,3
higgs_pre,higgs_pre_wcc_613,science_news,3
higgs_pre,higgs_pre_wcc_614,science_news,3
higgs_pre,higgs_pre_wcc_615,science_news,3
higgs_pre,higgs_pre_wcc_616,science_news,3
higgs_pre,higgs_pre_wcc_617,science_news,3
higgs_pre,higgs_pre_wcc_618,science_news,2
higgs_pre,higgs_pre_wcc_619,science_news,2
higgs_pre,higgs_pre_wcc_620,science_news,2
higgs_pre,higgs_pre_wcc_621,science_news,2
higgs_pre,higgs_pre_wcc_622,science_news,2
higgs_pre,higgs_pre_wcc_623,science_news,2
higgs_pre,higgs_pre_wcc_624,science_news,2
higgs_pre,higgs_pre_wcc_625,science_news,2
higgs_pre,higgs_pre_wcc_626,science_news,2
higgs_pre,higgs_pre_wcc_627,science_news,2
higgs_pre,higgs_pre_wcc_628,science_news,2
higgs_pre,higgs_pre_wcc_629,science_news,2
higgs_pre,higgs_pre_wcc_630,science_news,2
higgs_pre,higgs_pre_wcc_631,science_news,2
higgs_pre,higgs_pre_wcc_632,science_news,2
higgs_pre,higgs_pre_wcc_633,science_news,2
higgs_pre,higgs_pre_wcc_634,science_news,2
higgs_pre,higgs_pre_wcc_635,science_news,2
higgs_pre,higgs_pre_wcc_636,science_news,2
higgs_pre,higgs_pre_wcc_637,science_news,2
higgs_pre,higgs_pre_wcc_638,science_news,2
higgs_pre,higgs_pre_wcc_639,science_news,2
higgs_pre,higgs_pre_wcc_640,science_news,2
higgs_pre,higgs_pre_wcc_641,science_news,2
higgs_pre,higgs_pre_wcc_642,science_news,2
higgs_pre,higgs_pre_wcc_643,science_news,2
higgs_pre,higgs_pre_wcc_644,science_news,2
higgs_pre,higgs_pre_wcc_645,science_news,2
higgs_pre,higgs_pre_wcc_646,science_news,2
higgs_pre,higgs_pre_wcc_647,science_news,2
higgs_pre,higgs_pre_wcc_648,science_news,2
higgs_pre,higgs_pre_wcc_649,science_news,2
higgs_pre,higgs_pre_wcc_650,science_news,2
higgs_pre,higgs_pre_wcc_651,science_news,2
higgs_pre,higgs_pre_wcc_652,science_news,2
higgs_pre,higgs_pre_wcc_653,science_news,2
higgs_pre,higgs_pre_wcc_654,science_news,2
higgs_pre,higgs_pre_wcc_655,science_news,2
higgs_pre,higgs_pre_wcc_656,science_news,2
higgs_pre,higgs_pre_wcc_657,science_news,2
higgs_pre,higgs_pre_wcc_658,science_news,2
higgs_pre,higgs_pre_wcc_659,science_news,2
higgs_pre,higgs_pre_wcc_660,science_news,2
higgs_pre,higgs_pre_wcc_661,science_news,2
higgs_pre,higgs_pre_wcc_662,science_news,2
higgs_pre,higgs_pre_wcc_663,science_news,2
higgs_pre,higgs_pre_wcc_664,science_news,2
higgs_pre,higgs_pre_wcc_665,science_news,2
higgs_pre,higgs_pre_wcc_666,science_news,2
higgs_pre,higgs_pre_wcc_667,science_news,2
higgs_pre,higgs_pre_wcc_668,science_news,2
higgs_pre,higgs_pre_wcc_669,science_news,2
higgs_pre,higgs_pre_wcc_670,science_news,2
higgs_pre,higgs_pre_wcc_671,science_news,2
higgs_pre,higgs_pre_wcc_672,science_news,2
higgs_pre,higgs_pre_wcc_673,science_news,2
higgs_pre,higgs_pre_wcc_674,science_news,2
higgs_pre,higgs_pre_wcc_675,science_news,2
higgs_pre,higgs_pre_wcc_676,science_news,2
higgs_pre,higgs_pre_wcc_677,science_news,2
higgs_pre,higgs_pre_wcc_678,science_news,2
higgs_pre,higgs_pre_wcc_679,science_news,2
higgs_pre,higgs_pre_wcc_680,science_news,2
higgs_pre,higgs_pre_wcc_681,science_news,2
higgs_pre,higgs_pre_wcc_682,science_news,2
higgs_pre,higgs_pre_wcc_683,science_news,2
higgs_pre,higgs_pre_wcc_684,science_news,2
higgs_pre,higgs_pre_wcc_685,science_news,2
higgs_pre,higgs_pre_wcc_686,science_news,2
higgs_pre,higgs_pre_wcc_687,science_news,2
higgs_pre,higgs_pre_wcc_688,science_news,2
higgs_pre,higgs_pre_wcc_689,science_news,2
higgs_pre,higgs_pre_wcc_690,science_news,2
higgs_pre,higgs_pre_wcc_691,science_news,2
higgs_pre,higgs_pre_wcc_692,science_news,2
higgs_pre,higgs_pre_wcc_693,science_news,2
higgs_pre,higgs_pre_wcc_694,science_news,2
higgs_pre,higgs_pre_wcc_695,science_news,2
higgs_pre,higgs_pre_wcc_696,science_news,2
higgs_pre,higgs_pre_wcc_697,science_news,2
higgs_pre,higgs_pre_wcc_698,science_news,2
higgs_pre,higgs_pre_wcc_699,science_news,2
higgs_pre,higgs_pre_wcc_700,science_news,2
higgs_pre,higgs_pre_wcc_701,science_news,2
higgs_pre,higgs_pre_wcc_702,science_news,2
higgs_pre,higgs_pre_wcc_703,science_news,2
higgs_pre,higgs_pre_wcc_704,science_news,2
higgs_pre,higgs_pre_wcc_705,science_news,2
higgs_pre,higgs_pre_wcc_706,science_news,2
higgs_pre,higgs_pre_wcc_707,science_news,2
higgs_pre,higgs_pre_wcc_708,science_news,2
higgs_pre,higgs_pre_wcc_709,science_news,2
higgs_pre,higgs_pre_wcc_710,science_news,2
higgs_pre,higgs_pre_wcc_711,science_news,2
higgs_pre,higgs_pre_wcc_712,science_news,2
higgs_pre,higgs_pre_wcc_713,science_news,2
higgs_pre,higgs_pre_wcc_714,science_news,2
higgs_pre,higgs_pre_wcc_715,science_news,2
higgs_pre,higgs_pre_wcc_716,science_news,2
higgs_pre,higgs_pre_wcc_717,science_news,2
higgs_pre,higgs_pre_wcc_718,science_news,2
higgs_pre,higgs_pre_wcc_719,science_news,2
higgs_pre,higgs_pre_wcc_720,science_news,2
higgs_pre,higgs_pre_wcc_721,science_news,2
higgs_pre,higgs_pre_wcc_722,science_news,2
higgs_pre,higgs_pre_wcc_723,science_news,2
higgs_pre,higgs_pre_wcc_724,science_news,2
higgs_pre,higgs_pre_wcc_725,science_news,2
higgs_pre,higgs_pre_wcc_726,science_news,2
higgs_pre,higgs_pre_wcc_727,science_news,2
higgs_pre,higgs_pre_wcc_728,science_news,2
higgs_pre,higgs_pre_wcc_729,science_news,2
higgs_pre,higgs_pre_wcc_730,science_news,2
higgs_pre,higgs_pre_wcc_731,science_news,2
higgs_pre,higgs_pre_wcc_732,science_news,2
higgs_pre,higgs_pre_wcc_733,science_news,2
higgs_pre,higgs_pre_wcc_734,science_news,2
higgs_pre,higgs_pre_wcc_735,science_news,2
higgs_pre,higgs_pre_wcc_736,science_news,2
higgs_pre,higgs_pre_wcc_737,science_news,2
higgs_pre,higgs_pre_wcc_738,science_news,2
higgs_pre,higgs_pre_wcc_739,science_news,2
higgs_pre,higgs_pre_wcc_740,science_news,2
higgs_pre,higgs_pre_wcc_741,science_news,2
higgs_pre,higgs_pre_wcc_742,science_news,2
higgs_pre,higgs_pre_wcc_743,science_news,2
higgs_pre,higgs_pre_wcc_744,science_news,2
higgs_pre,higgs_pre_wcc_745,science_news,2
higgs_pre,higgs_pre_wcc_746,science_news,2
higgs_pre,higgs_pre_wcc_747,science_news,2
higgs_pre,higgs_pre_wcc_748,science_news,2
higgs_pre,higgs_pre_wcc_749,science_news,2
higgs_pre,higgs_pre_wcc_750,science_news,2
higgs_pre,higgs_pre_wcc_751,science_news,2
higgs_pre,higgs_pre_wcc_752,science_news,2
higgs_pre,higgs_pre_wcc_753,science_news,2
higgs_pre,higgs_pre_wcc_754,science_news,2
higgs_pre,higgs_pre_wcc_755,science_news,2
higgs_pre,higgs_pre_wcc_756,science_news,2
higgs_pre,higgs_pre_wcc_757,science_news,2
higgs_pre,higgs_pre_wcc_758,science_news,2
higgs_pre,higgs_pre_wcc_759,science_news,2
higgs_pre,higgs_pre_wcc_760,science_news,2
higgs_pre,higgs_pre_wcc_761,science_news,2
higgs_pre,higgs_pre_wcc_762,science_news,2
higgs_pre,higgs_pre_wcc_763,science_news,2
higgs_pre,higgs_pre_wcc_764,science_news,2
higgs_pre,higgs_pre_wcc_765,science_news,2
higgs_pre,higgs_pre_wcc_766,science_news,2
higgs_pre,higgs_pre_wcc_767,science_news,2
higgs_pre,higgs_pre_wcc_768,science_news,2
higgs_pre,higgs_pre_wcc_769,science_news,2
higgs_pre,higgs_pre_wcc_770,science_news,2
higgs_pre,higgs_pre_wcc_771,science_news,2
higgs_pre,higgs_pre_wcc_772,science_news,2
higgs_pre,higgs_pre_wcc_773,science_news,2
higgs_pre,higgs_pre_wcc_774,science_news,2
higgs_pre,higgs_pre_wcc_775,science_news,2
higgs_pre,higgs_pre_wcc_776,science_news,2
higgs_pre,higgs_pre_wcc_777,science_news,2
higgs_pre,higgs_pre_wcc_778,science_news,2
higgs_pre,higgs_pre_wcc_779,science_news,2
higgs_pre,higgs_pre_wcc_780,science_news,2
higgs_pre,higgs_pre_wcc_781,science_news,2
higgs_pre,higgs_pre_wcc_782,science_news,2
higgs_pre,higgs_pre_wcc_783,science_news,2
higgs_pre,higgs_pre_wcc_784,science_news,2
higgs_pre,higgs_pre_wcc_785,science_news,2
higgs_pre,higgs_pre_wcc_786,science_news,2
higgs_pre,higgs_pre_wcc_787,science_news,2
higgs_pre,higgs_pre_wcc_788,science_news,2
higgs_pre,higgs_pre_wcc_789,science_news,2
higgs_pre,higgs_pre_wcc_790,science_news,2
higgs_pre,higgs_pre_wcc_791,science_news,2
higgs_pre,higgs_pre_wcc_792,science_news,2
higgs_pre,higgs_pre_wcc_793,science_news,2
higgs_pre,higgs_pre_wcc_794,science_news,2
higgs_pre,higgs_pre_wcc_795,science_news,2
higgs_pre,higgs_pre_wcc_796,science_news,2
higgs_pre,higgs_pre_wcc_797,science_news,2
higgs_pre,higgs_pre_wcc_798,science_news,2
higgs_pre,higgs_pre_wcc_799,science_news,2
higgs_pre,higgs_pre_wcc_800,science_news,2
higgs_pre,higgs_pre_wcc_801,science_news,2
higgs_pre,higgs_pre_wcc_802,science_news,2
higgs_pre,higgs_pre_wcc_803,science_news,2
higgs_pre,higgs_pre_wcc_804,science_news,2
higgs_pre,higgs_pre_wcc_805,science_news,2
higgs_pre,higgs_pre_wcc_806,science_news,2
higgs_pre,higgs_pre_wcc_807,science_news,2
higgs_pre,higgs_pre_wcc_808,science_news,2
higgs_pre,higgs_pre_wcc_809,science_news,2
higgs_pre,higgs_pre_wcc_810,science_news,2
higgs_pre,higgs_pre_wcc_811,science_news,2
higgs_pre,higgs_pre_wcc_812,science_news,2
higgs_pre,higgs_pre_wcc_813,science_news,2
higgs_pre,higgs_pre_wcc_814,science_news,2
higgs_pre,higgs_pre_wcc_815,science_news,2
higgs_pre,higgs_pre_wcc_816,science_news,2
higgs_pre,higgs_pre_wcc_817,science_news,2
higgs_pre,higgs_pre_wcc_818,science_news,2
higgs_pre,higgs_pre_wcc_819,science_news,2
higgs_pre,higgs_pre_wcc_820,science_news,2
higgs_pre,higgs_pre_wcc_821,science_news,2
higgs_pre,higgs_pre_wcc_822,science_news,2
higgs_pre,higgs_pre_wcc_823,science_news,2
higgs_pre,higgs_pre_wcc_824,science_news,2
higgs_pre,higgs_pre_wcc_825,science_news,2
higgs_pre,higgs_pre_wcc_826,science_news,2
higgs_pre,higgs_pre_wcc_827,science_news,2
higgs_pre,higgs_pre_wcc_828,science_news,2
higgs_pre,higgs_pre_wcc_829,science_news,2
higgs_pre,higgs_pre_wcc_830,science_news,2
higgs_pre,higgs_pre_wcc_831,science_news,2
higgs_pre,higgs_pre_wcc_832,science_news,2
higgs_pre,higgs_pre_wcc_833,science_news,2
higgs_pre,higgs_pre_wcc_834,science_news,2
higgs_pre,higgs_pre_wcc_835,science_news,2
higgs_pre,higgs_pre_wcc_836,science_news,2
higgs_pre,higgs_pre_wcc_837,science_news,2
higgs_pre,higgs_pre_wcc_838,science_news,2
higgs_pre,higgs_pre_wcc_839,science_news,2
higgs_pre,higgs_pre_wcc_840,science_news,2
higgs_pre,higgs_pre_wcc_841,science_news,2
higgs_pre,higgs_pre_wcc_842,science_news,2
higgs_pre,higgs_pre_wcc_843,science_news,2
higgs_pre,higgs_pre_wcc_844,science_news,2
higgs_pre,higgs_pre_wcc_845,science_news,2
higgs_pre,higgs_pre_wcc_846,science_news,2
higgs_pre,higgs_pre_wcc_847,science_news,2
higgs_pre,higgs_pre_wcc_848,science_news,2
higgs_pre,higgs_pre_wcc_849,science_news,2
higgs_pre,higgs_pre_wcc_850,science_news,2
higgs_pre,higgs_pre_wcc_851,science_news,2
higgs_pre,higgs_pre_wcc_852,science_news,2
higgs_pre,higgs_pre_wcc_853,science_news,2
higgs_pre,higgs_pre_wcc_854,science_news,2
higgs_pre,higgs_pre_wcc_855,science_news,2
higgs_pre,higgs_pre_wcc_856,science_news,2
higgs_pre,higgs_pre_wcc_857,science_news,2
higgs_pre,higgs_pre_wcc_858,science_news,2
higgs_pre,higgs_pre_wcc_859,science_news,2
higgs_pre,higgs_pre_wcc_860,science_news,2
higgs_pre,higgs_pre_wcc_861,science_news,2
higgs_pre,higgs_pre_wcc_862,science_news,2
higgs_pre,higgs_pre_wcc_863,science_news,2
higgs_pre,higgs_pre_wcc_864,science_news,2
higgs_pre,higgs_pre_wcc_865,science_news,2
higgs_pre,higgs_pre_wcc_866,science_news,2
higgs_pre,higgs_pre_wcc_867,science_news,2
higgs_pre,higgs_pre_wcc_868,science_news,2
higgs_pre,higgs_pre_wcc_869,science_news,2
higgs_pre,higgs_pre_wcc_870,science_news,2
higgs_pre,higgs_pre_wcc_871,science_news,2
higgs_pre,higgs_pre_wcc_872,science_news,2
higgs_pre,higgs_pre_wcc_873,science_news,2
higgs_pre,higgs_pre_wcc_874,science_news,2
higgs_pre,higgs_pre_wcc_875,science_news,2
higgs_pre,higgs_pre_wcc_876,science_news,2
higgs_pre,higgs_pre_wcc_877,science_news,2
higgs_pre,higgs_pre_wcc_878,science_news,2
higgs_pre,higgs_pre_wcc_879,science_news,2
higgs_pre,higgs_pre_wcc_880,science_news,2
higgs_pre,higgs_pre_wcc_881,science_news,2
higgs_pre,higgs_pre_wcc_882,science_news,2
higgs_pre,higgs_pre_wcc_883,science_news,2
higgs_pre,higgs_pre_wcc_884,science_news,2
higgs_pre,higgs_pre_wcc_885,science_news,2
higgs_pre,higgs_pre_wcc_886,science_news,2
higgs_pre,higgs_pre_wcc_887,science_news,2
higgs_pre,higgs_pre_wcc_888,science_news,2
higgs_pre,higgs_pre_wcc_889,science_news,2
higgs_pre,higgs_pre_wcc_890,science_news,2
higgs_pre,higgs_pre_wcc_891,science_news,2
higgs_pre,higgs_pre_wcc_892,science_news,2
higgs_pre,higgs_pre_wcc_893,science_news,2
higgs_pre,higgs_pre_wcc_894,science_news,2
higgs_pre,higgs_pre_wcc_895,science_news,2
higgs_pre,higgs_pre_wcc_896,science_news,2
higgs_pre,higgs_pre_wcc_897,science_news,2
higgs_pre,higgs_pre_wcc_898,science_news,2
higgs_pre,higgs_pre_wcc_899,science_news,2
higgs_pre,higgs_pre_wcc_900,science_news,2
higgs_pre,higgs_pre_wcc_901,science_news,2
higgs_pre,higgs_pre_wcc_902,science_news,2
higgs_pre,higgs_pre_wcc_903,science_news,2
higgs_pre,higgs_pre_wcc_904,science_news,2
higgs_pre,higgs_pre_wcc_905,science_news,2
higgs_pre,higgs_pre_wcc_906,science_news,2
higgs_pre,higgs_pre_wcc_907,science_news,2
higgs_pre,higgs_pre_wcc_908,science_news,2
higgs_pre,higgs_pre_wcc_909,science_news,2
higgs_pre,higgs_pre_wcc_910,science_news,2
higgs_pre,higgs_pre_wcc_911,science_news,2
higgs_pre,higgs_pre_wcc_912,science_news,2
higgs_pre,higgs_pre_wcc_913,science_news,2
higgs_pre,higgs_pre_wcc_914,science_news,2
higgs_pre,higgs_pre_wcc_915,science_news,2
higgs_pre,higgs_pre_wcc_916,science_news,2
higgs_pre,higgs_pre_wcc_917,science_news,2
higgs_pre,higgs_pre_wcc_918,science_news,2
higgs_pre,higgs_pre_wcc_919,science_news,2
higgs_pre,higgs_pre_wcc_920,science_news,2
higgs_pre,higgs_pre_wcc_921,science_news,2
higgs_pre,higgs_pre_wcc_922,science_news,2
higgs_pre,higgs_pre_wcc_923,science_news,2
higgs_pre,higgs_pre_wcc_924,science_news,2
higgs_pre,higgs_pre_wcc_925,science_news,2
higgs_pre,higgs_pre_wcc_926,science_news,2
higgs_pre,higgs_pre_wcc_927,science_news,2
higgs_pre,higgs_pre_wcc_928,science_news,2
higgs_pre,higgs_pre_wcc_929,science_news,2
higgs_pre,higgs_pre_wcc_930,science_news,2
higgs_pre,higgs_pre_wcc_931,science_news,2
higgs_pre,higgs_pre_wcc_932,science_news,2
higgs_pre,higgs_pre_wcc_933,science_news,2
higgs_pre,higgs_pre_wcc_934,science_news,2
higgs_pre,higgs_pre_wcc_935,science_news,2
higgs_pre,higgs_pre_wcc_936,science_news,2
higgs_pre,higgs_pre_wcc_937,science_news,2
higgs_pre,higgs_pre_wcc_938,science_news,2
higgs_pre,higgs_pre_wcc_939,science_news,2
higgs_pre,higgs_pre_wcc_940,science_news,2
higgs_pre,higgs_pre_wcc_941,science_news,2
higgs_pre,higgs_pre_wcc_942,science_news,2
higgs_pre,higgs_pre_wcc_943,science_news,2
higgs_pre,higgs_pre_wcc_944,science_news,2
higgs_pre,higgs_pre_wcc_945,science_news,2
higgs_pre,higgs_pre_wcc_946,science_news,2
higgs_pre,higgs_pre_wcc_947,science_news,2
higgs_pre,higgs_pre_wcc_948,science_news,2
higgs_pre,higgs_pre_wcc_949,science_news,2
higgs_pre,higgs_pre_wcc_950,science_news,2
higgs_pre,higgs_pre_wcc_951,science_news,2
higgs_pre,higgs_pre_wcc_952,science_news,2
higgs_pre,higgs_pre_wcc_953,science_news,2
higgs_pre,higgs_pre_wcc_954,science_news,2
higgs_pre,higgs_pre_wcc_955,science_news,2
higgs_pre,higgs_pre_wcc_956,science_news,2
higgs_pre,higgs_pre_wcc_957,science_news,2
higgs_pre,higgs_pre_wcc_958,science_news,2
higgs_pre,higgs_pre_wcc_959,science_news,2
higgs_pre,higgs_pre_wcc_960,science_news,2
higgs_pre,higgs_pre_wcc_961,science_news,2
higgs_pre,higgs_pre_wcc_962,science_news,2
higgs_pre,higgs_pre_wcc_963,science_news,2
higgs_pre,higgs_pre_wcc_964,science_news,2
higgs_pre,higgs_pre_wcc_965,science_news,2
higgs_pre,higgs_pre_wcc_966,science_news,2
higgs_pre,higgs_pre_wcc_967,science_news,2
higgs_pre,higgs_pre_wcc_968,science_news,2
higgs_pre,higgs_pre_wcc_969,science_news,2
higgs_pre,higgs_pre_wcc_970,science_news,2
higgs_pre,higgs_pre_wcc_971,science_news,2
higgs_pre,higgs_pre_wcc_972,science_news,2
higgs_pre,higgs_pre_wcc_973,science_news,2
higgs_pre,higgs_pre_wcc_974,science_news,2
higgs_pre,higgs_pre_wcc_975,science_news,2
higgs_pre,higgs_pre_wcc_976,science_news,2
higgs_pre,higgs_pre_wcc_977,science_news,2
higgs_pre,higgs_pre_wcc_978,science_news,2
higgs_pre,higgs_pre_wcc_979,science_news,2
higgs_pre,higgs_pre_wcc_980,science_news,2
higgs_pre,higgs_pre_wcc_981,science_news,2
higgs_pre,higgs_pre_wcc_982,science_news,2
higgs_pre,higgs_pre_wcc_983,science_news,2
higgs_pre,higgs_pre_wcc_984,science_news,2
higgs_pre,higgs_pre_wcc_985,science_news,2
higgs_pre,higgs_pre_wcc_986,science_news,2
higgs_pre,higgs_pre_wcc_987,science_news,2
higgs_pre,higgs_pre_wcc_988,science_news,2
higgs_pre,higgs_pre_wcc_989,science_news,2
higgs_pre,higgs_pre_wcc_990,science_news,2
higgs_pre,higgs_pre_wcc_991,science_news,2
higgs_pre,higgs_pre_wcc_992,science_news,2
higgs_pre,higgs_pre_wcc_993,science_news,2
higgs_pre,higgs_pre_wcc_994,science_news,2
higgs_pre,higgs_pre_wcc_995,science_news,2
higgs_pre,higgs_pre_wcc_996,science_news,2
higgs_pre,higgs_pre_wcc_997,science_news,2
higgs_pre,higgs_pre_wcc_998,science_news,2
higgs_pre,higgs_pre_wcc_999,science_news,2
higgs_pre,higgs_pre_wcc_1000,science_news,2
higgs_pre,higgs_pre_wcc_1001,science_news,2
higgs_pre,higgs_pre_wcc_1002,science_news,2
higgs_pre,higgs_pre_wcc_1003,science_news,2
higgs_pre,higgs_pre_wcc_1004,science_news,2
higgs_pre,higgs_pre_wcc_1005,science_news,2
higgs_pre,higgs_pre_wcc_1006,science_news,2
higgs_pre,higgs_pre_wcc_1007,science_news,2
higgs_pre,higgs_pre_wcc_1008,science_news,2
higgs_pre,higgs_pre_wcc_1009,science_news,2
higgs_pre,higgs_pre_wcc_1010,science_news,2
higgs_pre,higgs_pre_wcc_1011,science_news,2
higgs_pre,higgs_pre_wcc_1012,science_news,2
higgs_pre,higgs_pre_wcc_1013,science_news,2
higgs_pre,higgs_pre_wcc_1014,science_news,2
higgs_pre,higgs_pre_wcc_1015,science_news,2
higgs_pre,higgs_pre_wcc_1016,science_news,2
higgs_pre,higgs_pre_wcc_1017,science_news,2
higgs_pre,higgs_pre_wcc_1018,science_news,2
higgs_pre,higgs_pre_wcc_1019,science_news,2
higgs_pre,higgs_pre_wcc_1020,science_news,2
higgs_pre,higgs_pre_wcc_1021,science_news,2
higgs_pre,higgs_pre_wcc_1022,science_news,2
higgs_pre,higgs_pre_wcc_1023,science_news,2
higgs_pre,higgs_pre_wcc_1024,science_news,2
higgs_pre,higgs_pre_wcc_1025,science_news,2
higgs_pre,higgs_pre_wcc_1026,science_news,2
higgs_pre,higgs_pre_wcc_1027,science_news,2
higgs_pre,higgs_pre_wcc_1028,science_news,2
higgs_pre,higgs_pre_wcc_1029,science_news,2
higgs_pre,higgs_pre_wcc_1030,science_news,2
higgs_pre,higgs_pre_wcc_1031,science_news,2
higgs_pre,higgs_pre_wcc_1032,science_news,2
higgs_pre,higgs_pre_wcc_1033,science_news,2
higgs_pre,higgs_pre_wcc_1034,science_news,2
higgs_pre,higgs_pre_wcc_1035,science_news,2
higgs_pre,higgs_pre_wcc_1036,science_news,2
higgs_pre,higgs_pre_wcc_1037,science_news,2
higgs_pre,higgs_pre_wcc_1038,science_news,2
higgs_pre,higgs_pre_wcc_1039,science_news,2
higgs_pre,higgs_pre_wcc_1040,science_news,2
higgs_pre,higgs_pre_wcc_1041,science_news,2
higgs_pre,higgs_pre_wcc_1042,science_news,2
higgs_pre,higgs_pre_wcc_1043,science_news,2
higgs_pre,higgs_pre_wcc_1044,science_news,2
higgs_pre,higgs_pre_wcc_1045,science_news,2
higgs_pre,higgs_pre_wcc_1046,science_news,2
higgs_pre,higgs_pre_wcc_1047,science_news,2
higgs_pre,higgs_pre_wcc_1048,science_news,2
higgs_pre,higgs_pre_wcc_1049,science_news,2
higgs_pre,higgs_pre_wcc_1050,science_news,2
higgs_pre,higgs_pre_wcc_1051,science_news,2
higgs_pre,higgs_pre_wcc_1052,science_news,2
higgs_pre,higgs_pre_wcc_1053,science_news,2
higgs_pre,higgs_pre_wcc_1054,science_news,2
higgs_pre,higgs_pre_wcc_1055,science_news,2
higgs_pre,higgs_pre_wcc_1056,science_news,2
higgs_pre,higgs_pre_wcc_1057,science_news,2
higgs_pre,higgs_pre_wcc_1058,science_news,2
higgs_pre,higgs_pre_wcc_1059,science_news,2
higgs_pre,higgs_pre_wcc_1060,science_news,2
higgs_pre,higgs_pre_wcc_1061,science_news,2
higgs_pre,higgs_pre_wcc_1062,science_news,2
higgs_pre,higgs_pre_wcc_1063,science_news,2
higgs_pre,higgs_pre_wcc_1064,science_news,2
higgs_pre,higgs_pre_wcc_1065,science_news,2
higgs_pre,higgs_pre_wcc_1066,science_news,2
higgs_pre,higgs_pre_wcc_1067,science_news,2
higgs_pre,higgs_pre_wcc_1068,science_news,2
higgs_pre,higgs_pre_wcc_1069,science_news,2
higgs_pre,higgs_pre_wcc_1070,science_news,2
higgs_pre,higgs_pre_wcc_1071,science_news,2
higgs_pre,higgs_pre_wcc_1072,science_news,2
higgs_pre,higgs_pre_wcc_1073,science_news,2
higgs_pre,higgs_pre_wcc_1074,science_news,2
higgs_pre,higgs_pre_wcc_1075,science_news,2
higgs_pre,higgs_pre_wcc_1076,science_news,2
higgs_pre,higgs_pre_wcc_1077,science_news,2
higgs_pre,higgs_pre_wcc_1078,science_news,2
higgs_pre,higgs_pre_wcc_1079,science_news,2
higgs_pre,higgs_pre_wcc_1080,science_news,2
higgs_pre,higgs_pre_wcc_1081,science_news,2
higgs_pre,higgs_pre_wcc_1082,science_news,2
higgs_pre,higgs_pre_wcc_1083,science_news,2
higgs_pre,higgs_pre_wcc_1084,science_news,2
higgs_pre,higgs_pre_wcc_1085,science_news,2
higgs_pre,higgs_pre_wcc_1086,science_news,2
higgs_pre,higgs_pre_wcc_1087,science_news,2
higgs_pre,higgs_pre_wcc_1088,science_news,2
higgs_pre,higgs_pre_wcc_1089,science_news,2
higgs_pre,higgs_pre_wcc_1090,science_news,2
higgs_pre,higgs_pre_wcc_1091,science_news,2
higgs_pre,higgs_pre_wcc_1092,science_news,2
higgs_pre,higgs_pre_wcc_1093,science_news,2
higgs_pre,higgs_pre_wcc_1094,science_news,2
higgs_pre,higgs_pre_wcc_1095,science_news,2
higgs_pre,higgs_pre_wcc_1096,science_news,2
higgs_pre,higgs_pre_wcc_1097,science_news,2
higgs_pre,higgs_pre_wcc_1098,science_news,2
higgs_pre,higgs_pre_wcc_1099,science_news,2
higgs_pre,higgs_pre_wcc_1100,science_news,2
higgs_pre,higgs_pre_wcc_1101,science_news,2
higgs_pre,higgs_pre_wcc_1102,science_news,2
higgs_pre,higgs_pre_wcc_1103,science_news,2
higgs_pre,higgs_pre_wcc_1104,science_news,2
higgs_pre,higgs_pre_wcc_1105,science_news,2
higgs_pre,higgs_pre_wcc_1106,science_news,2
higgs_pre,higgs_pre_wcc_1107,science_news,2
higgs_pre,higgs_pre_wcc_1108,science_news,2
higgs_pre,higgs_pre_wcc_1109,science_news,2
higgs_pre,higgs_pre_wcc_1110,science_news,2
higgs_pre,higgs_pre_wcc_1111,science_news,2
higgs_pre,higgs_pre_wcc_1112,science_news,2
higgs_pre,higgs_pre_wcc_1113,science_news,2
higgs_pre,higgs_pre_wcc_1114,science_news,2
higgs_pre,higgs_pre_wcc_1115,science_news,2
higgs_pre,higgs_pre_wcc_1116,science_news,2
higgs_pre,higgs_pre_wcc_1117,science_news,2
higgs_pre,higgs_pre_wcc_1118,science_news,2
higgs_pre,higgs_pre_wcc_1119,science_news,2
higgs_pre,higgs_pre_wcc_1120,science_news,2
higgs_pre,higgs_pre_wcc_1121,science_news,2
higgs_pre,higgs_pre_wcc_1122,science_news,2
higgs_pre,higgs_pre_wcc_1123,science_news,2
higgs_pre,higgs_pre_wcc_1124,science_news,2
higgs_pre,higgs_pre_wcc_1125,science_news,2
higgs_pre,higgs_pre_wcc_1126,science_news,2
higgs_pre,higgs_pre_wcc_1127,science_news,2
higgs_pre,higgs_pre_wcc_1128,science_news,2
higgs_pre,higgs_pre_wcc_1129,science_news,2
higgs_pre,higgs_pre_wcc_1130,science_news,2
higgs_pre,higgs_pre_wcc_1131,science_news,2
higgs_pre,higgs_pre_wcc_1132,science_news,2
higgs_pre,higgs_pre_wcc_1133,science_news,2
higgs_pre,higgs_pre_wcc_1134,science_news,2
higgs_pre,higgs_pre_wcc_1135,science_news,2
higgs_pre,higgs_pre_wcc_1136,science_news,2
higgs_pre,higgs_pre_wcc_1137,science_news,2
higgs_pre,higgs_pre_wcc_1138,science_news,2
higgs_pre,higgs_pre_wcc_1139,science_news,2
higgs_pre,higgs_pre_wcc_1140,science_news,2
higgs_pre,higgs_pre_wcc_1141,science_news,2
higgs_pre,higgs_pre_wcc_1142,science_news,2
higgs_pre,higgs_pre_wcc_1143,science_news,2
higgs_pre,higgs_pre_wcc_1144,science_news,2
higgs_pre,higgs_pre_wcc_1145,science_news,2
higgs_pre,higgs_pre_wcc_1146,science_news,2
higgs_pre,higgs_pre_wcc_1147,science_news,2
higgs_pre,higgs_pre_wcc_1148,science_news,2
higgs_pre,higgs_pre_wcc_1149,science_news,2
higgs_pre,higgs_pre_wcc_1150,science_news,2
higgs_pre,higgs_pre_wcc_1151,science_news,2
higgs_pre,higgs_pre_wcc_1152,science_news,2
higgs_pre,higgs_pre_wcc_1153,science_news,2
higgs_pre,higgs_pre_wcc_1154,science_news,2
higgs_pre,higgs_pre_wcc_1155,science_news,2
higgs_pre,higgs_pre_wcc_1156,science_news,2
higgs_pre,higgs_pre_wcc_1157,science_news,2
higgs_pre,higgs_pre_wcc_1158,science_news,2
higgs_pre,higgs_pre_wcc_1159,science_news,2
higgs_pre,higgs_pre_wcc_1160,science_news,2
higgs_pre,higgs_pre_wcc_1161,science_news,2
higgs_pre,higgs_pre_wcc_1162,science_news,2
higgs_pre,higgs_pre_wcc_1163,science_news,2
higgs_pre,higgs_pre_wcc_1164,science_news,2
higgs_pre,higgs_pre_wcc_1165,science_news,2
higgs_pre,higgs_pre_wcc_1166,science_news,2
higgs_pre,higgs_pre_wcc_1167,science_news,2
higgs_pre,higgs_pre_wcc_1168,science_news,2
higgs_pre,higgs_pre_wcc_1169,science_news,2
higgs_pre,higgs_pre_wcc_1170,science_news,2
higgs_pre,higgs_pre_wcc_1171,science_news,2
higgs_pre,higgs_pre_wcc_1172,science_news,2
higgs_pre,higgs_pre_wcc_1173,science_news,2
higgs_pre,higgs_pre_wcc_1174,science_news,2
higgs_pre,higgs_pre_wcc_1175,science_news,2
higgs_pre,higgs_pre_wcc_1176,science_news,2
higgs_pre,higgs_pre_wcc_1177,science_news,2
higgs_pre,higgs_pre_wcc_1178,science_news,2
higgs_pre,higgs_pre_wcc_1179,science_news,2
higgs_pre,higgs_pre_wcc_1180,science_news,2
higgs_pre,higgs_pre_wcc_1181,science_news,2
higgs_pre,higgs_pre_wcc_1182,science_news,2
higgs_pre,higgs_pre_wcc_1183,science_news,2
higgs_pre,higgs_pre_wcc_1184,science_news,2
higgs_pre,higgs_pre_wcc_1185,science_news,2
higgs_pre,higgs_pre_wcc_1186,science_news,2
higgs_pre,higgs_pre_wcc_1187,science_news,2
higgs_pre,higgs_pre_wcc_1188,science_news,2
higgs_pre,higgs_pre_wcc_1189,science_news,2
higgs_pre,higgs_pre_wcc_1190,science_news,2
higgs_pre,higgs_pre_wcc_1191,science_news,2
higgs_pre,higgs_pre_wcc_1192,science_news,2
higgs_pre,higgs_pre_wcc_1193,science_news,2
higgs_pre,higgs_pre_wcc_1194,science_news,2
higgs_pre,higgs_pre_wcc_1195,science_news,2
higgs_pre,higgs_pre_wcc_1196,science_news,2
higgs_pre,higgs_pre_wcc_1197,science_news,2
higgs_pre,higgs_pre_wcc_1198,science_news,2
higgs_pre,higgs_pre_wcc_1199,science_news,2
higgs_pre,higgs_pre_wcc_1200,science_news,2
higgs_pre,higgs_pre_wcc_1201,science_news,2
higgs_pre,higgs_pre_wcc_1202,science_news,2
higgs_pre,higgs_pre_wcc_1203,science_news,2
higgs_pre,higgs_pre_wcc_1204,science_news,2
higgs_pre,higgs_pre_wcc_1205,science_news,2
higgs_pre,higgs_pre_wcc_1206,science_news,2
higgs_pre,higgs_pre_wcc_1207,science_news,2
higgs_pre,higgs_pre_wcc_1208,science_news,2
higgs_pre,higgs_pre_wcc_1209,science_news,2
higgs_pre,higgs_pre_wcc_1210,science_news,2
higgs_pre,higgs_pre_wcc_1211,science_news,2
higgs_pre,higgs_pre_wcc_1212,science_news,2
higgs_pre,higgs_pre_wcc_1213,science_news,2
higgs_pre,higgs_pre_wcc_1214,science_news,2
higgs_pre,higgs_pre_wcc_1215,science_news,2
higgs_pre,higgs_pre_wcc_1216,science_news,2
higgs_pre,higgs_pre_wcc_1217,science_news,2
higgs_pre,higgs_pre_wcc_1218,science_news,2
higgs_pre,higgs_pre_wcc_1219,science_news,2
higgs_pre,higgs_pre_wcc_1220,science_news,2
higgs_pre,higgs_pre_wcc_1221,science_news,2
higgs_pre,higgs_pre_wcc_1222,science_news,2
higgs_pre,higgs_pre_wcc_1223,science_news,2
higgs_pre,higgs_pre_wcc_1224,science_news,2
higgs_pre,higgs_pre_wcc_1225,science_news,2
higgs_pre,higgs_pre_wcc_1226,science_news,2
higgs_pre,higgs_pre_wcc_1227,science_news,2
higgs_pre,higgs_pre_wcc_1228,science_news,2
higgs_pre,higgs_pre_wcc_1229,science_news,2
higgs_pre,higgs_pre_wcc_1230,science_news,2
higgs_pre,higgs_pre_wcc_1231,science_news,2
higgs_pre,higgs_pre_wcc_1232,science_news,2
higgs_pre,higgs_pre_wcc_1233,science_news,2
higgs_pre,higgs_pre_wcc_1234,science_news,2
higgs_pre,higgs_pre_wcc_1235,science_news,2
higgs_pre,higgs_pre_wcc_1236,science_news,2
higgs_pre,higgs_pre_wcc_1237,science_news,2
higgs_pre,higgs_pre_wcc_1238,science_news,2
higgs_pre,higgs_pre_wcc_1239,science_news,2
higgs_pre,higgs_pre_wcc_1240,science_news,2
higgs_pre,higgs_pre_wcc_1241,science_news,2
higgs_pre,higgs_pre_wcc_1242,science_news,2
higgs_pre,higgs_pre_wcc_1243,science_news,2
higgs_pre,higgs_pre_wcc_1244,science_news,2
higgs_pre,higgs_pre_wcc_1245,science_news,2
higgs_pre,higgs_pre_wcc_1246,science_news,2
higgs_pre,higgs_pre_wcc_1247,science_news,2
higgs_pre,higgs_pre_wcc_1248,science_news,2
higgs_pre,higgs_pre_wcc_1249,science_news,2
higgs_pre,higgs_pre_wcc_1250,science_news,2
higgs_pre,higgs_pre_wcc_1251,science_news,2
higgs_pre,higgs_pre_wcc_1252,science_news,2
higgs_pre,higgs_pre_wcc_1253,science_news,2
higgs_pre,higgs_pre_wcc_1254,science_news,2
higgs_pre,higgs_pre_wcc_1255,science_news,2
higgs_pre,higgs_pre_wcc_1256,science_news,2
higgs_pre,higgs_pre_wcc_1257,science_news,2
higgs_pre,higgs_pre_wcc_1258,science_news,2
higgs_pre,higgs_pre_wcc_1259,science_news,2
higgs_pre,higgs_pre_wcc_1260,science_news,2
higgs_pre,higgs_pre_wcc_1261,science_news,2
higgs_pre,higgs_pre_wcc_1262,science_news,2
higgs_pre,higgs_pre_wcc_1263,science_news,2
higgs_pre,higgs_pre_wcc_1264,science_news,2
higgs_pre,higgs_pre_wcc_1265,science_news,2
higgs_pre,higgs_pre_wcc_1266,science_news,2
higgs_pre,higgs_pre_wcc_1267,science_news,2
higgs_pre,higgs_pre_wcc_1268,science_news,2
higgs_pre,higgs_pre_wcc_1269,science_news,2
higgs_pre,higgs_pre_wcc_1270,science_news,2
higgs_pre,higgs_pre_wcc_1271,science_news,2
higgs_pre,higgs_pre_wcc_1272,science_news,2
higgs_pre,higgs_pre_wcc_1273,science_news,2
higgs_pre,higgs_pre_wcc_1274,science_news,2
higgs_pre,higgs_pre_wcc_1275,science_news,2
higgs_pre,higgs_pre_wcc_1276,science_news,2
higgs_pre,higgs_pre_wcc_1277,science_news,2
higgs_pre,higgs_pre_wcc_1278,science_news,2
higgs_pre,higgs_pre_wcc_1279,science_news,2
higgs_pre,higgs_pre_wcc_1280,science_news,2
higgs_pre,higgs_pre_wcc_1281,science_news,2
higgs_pre,higgs_pre_wcc_1282,science_news,2
higgs_pre,higgs_pre_wcc_1283,science_news,2
higgs_pre,higgs_pre_wcc_1284,science_news,2
higgs_pre,higgs_pre_wcc_1285,science_news,2
higgs_pre,higgs_pre_wcc_1286,science_news,2
higgs_pre,higgs_pre_wcc_1287,science_news,2
higgs_pre,higgs_pre_wcc_1288,science_news,2
higgs_pre,higgs_pre_wcc_1289,science_news,2
higgs_pre,higgs_pre_wcc_1290,science_news,2
higgs_pre,higgs_pre_wcc_1291,science_news,2
higgs_pre,higgs_pre_wcc_1292,science_news,2
higgs_pre,higgs_pre_wcc_1293,science_news,2
higgs_pre,higgs_pre_wcc_1294,science_news,2
higgs_pre,higgs_pre_wcc_1295,science_news,2
higgs_pre,higgs_pre_wcc_1296,science_news,2
higgs_pre,higgs_pre_wcc_1297,science_news,2
higgs_pre,higgs_pre_wcc_1298,science_news,2
higgs_pre,higgs_pre_wcc_1299,science_news,2
higgs_pre,higgs_pre_wcc_1300,science_news,2
higgs_pre,higgs_pre_wcc_1301,science_news,2
higgs_pre,higgs_pre_wcc_1302,science_news,2
higgs_pre,higgs_pre_wcc_1303,science_news,2
higgs_pre,higgs_pre_wcc_1304,science_news,2
higgs_pre,higgs_pre_wcc_1305,science_news,2
higgs_pre,higgs_pre_wcc_1306,science_news,2
higgs_pre,higgs_pre_wcc_1307,science_news,2
higgs_pre,higgs_pre_wcc_1308,science_news,2
higgs_pre,higgs_pre_wcc_1309,science_news,2
higgs_pre,higgs_pre_wcc_1310,science_news,2
higgs_pre,higgs_pre_wcc_1311,science_news,2
higgs_pre,higgs_pre_wcc_1312,science_news,2
higgs_pre,higgs_pre_wcc_1313,science_news,2
higgs_pre,higgs_pre_wcc_1314,science_news,2
higgs_pre,higgs_pre_wcc_1315,science_news,2
higgs_pre,higgs_pre_wcc_1316,science_news,2
higgs_pre,higgs_pre_wcc_1317,science_news,2
higgs_pre,higgs_pre_wcc_1318,science_news,2
higgs_pre,higgs_pre_wcc_1319,science_news,2
higgs_pre,higgs_pre_wcc_1320,science_news,2
higgs_pre,higgs_pre_wcc_1321,science_news,2
higgs_pre,higgs_pre_wcc_1322,science_news,2
higgs_pre,higgs_pre_wcc_1323,science_news,2
higgs_pre,higgs_pre_wcc_1324,science_news,2
higgs_pre,higgs_pre_wcc_1325,science_news,2
higgs_pre,higgs_pre_wcc_1326,science_news,2
higgs_pre,higgs_pre_wcc_1327,science_news,2
higgs_pre,higgs_pre_wcc_1328,science_news,2
higgs_pre,higgs_pre_wcc_1329,science_news,2
higgs_pre,higgs_pre_wcc_1330,science_news,2
higgs_pre,higgs_pre_wcc_1331,science_news,2
higgs_pre,higgs_pre_wcc_1332,science_news,2
higgs_pre,higgs_pre_wcc_1333,science_news,2
higgs_pre,higgs_pre_wcc_1334,science_news,2
higgs_pre,higgs_pre_wcc_1335,science_news,2
higgs_pre,higgs_pre_wcc_1336,science_news,2
higgs_pre,higgs_pre_wcc_1337,science_news,2
higgs_pre,higgs_pre_wcc_1338,science_news,2
higgs_pre,higgs_pre_wcc_1339,science_news,2
higgs_pre,higgs_pre_wcc_1340,science_news,2
higgs_pre,higgs_pre_wcc_1341,science_news,2
higgs_pre,higgs_pre_wcc_1342,science_news,2
higgs_pre,higgs_pre_wcc_1343,science_news,2
higgs_pre,higgs_pre_wcc_1344,science_news,2
higgs_pre,higgs_pre_wcc_1345,science_news,2
higgs_pre,higgs_pre_wcc_1346,science_news,2
higgs_pre,higgs_pre_wcc_1347,science_news,2
higgs_pre,higgs_pre_wcc_1348,science_news,2
higgs_pre,higgs_pre_wcc_1349,science_news,2
higgs_pre,higgs_pre_wcc_1350,science_news,2
higgs_pre,higgs_pre_wcc_1351,science_news,2
higgs_pre,higgs_pre_wcc_1352,science_news,2
higgs_pre,higgs_pre_wcc_1353,science_news,2
higgs_pre,higgs_pre_wcc_1354,science_news,2
higgs_pre,higgs_pre_wcc_1355,science_news,2
higgs_pre,higgs_pre_wcc_1356,science_news,2
higgs_pre,higgs_pre_wcc_1357,science_news,2
higgs_pre,higgs_pre_wcc_1358,science_news,2
higgs_pre,higgs_pre_wcc_1359,science_news,2
higgs_pre,higgs_pre_wcc_1360,science_news,2
higgs_pre,higgs_pre_wcc_1361,science_news,2
higgs_pre,higgs_pre_wcc_1362,science_news,2
higgs_pre,higgs_pre_wcc_1363,science_news,2
higgs_pre,higgs_pre_wcc_1364,science_news,2
higgs_pre,higgs_pre_wcc_1365,science_news,2
higgs_pre,higgs_pre_wcc_1366,science_news,2
higgs_pre,higgs_pre_wcc_1367,science_news,2
higgs_pre,higgs_pre_wcc_1368,science_news,2
higgs_pre,higgs_pre_wcc_1369,science_news,2
higgs_pre,higgs_pre_wcc_1370,science_news,2
higgs_pre,higgs_pre_wcc_1371,science_news,2
higgs_pre,higgs_pre_wcc_1372,science_news,2
higgs_pre,higgs_pre_wcc_1373,science_news,2
higgs_pre,higgs_pre_wcc_1374,science_news,2
higgs_pre,higgs_pre_wcc_1375,science_news,2
higgs_pre,higgs_pre_wcc_1376,science_news,2
higgs_pre,higgs_pre_wcc_1377,science_news,2
higgs_pre,higgs_pre_wcc_1378,science_news,2
higgs_pre,higgs_pre_wcc_1379,science_news,2
higgs_pre,higgs_pre_wcc_1380,science_news,2
higgs_pre,higgs_pre_wcc_1381,science_news,2
higgs_pre,higgs_pre_wcc_1382,science_news,2
higgs_pre,higgs_pre_wcc_1383,science_news,2
higgs_pre,higgs_pre_wcc_1384,science_news,2
higgs_pre,higgs_pre_wcc_1385,science_news,2
higgs_pre,higgs_pre_wcc_1386,science_news,2
higgs_pre,higgs_pre_wcc_1387,science_news,2
higgs_pre,higgs_pre_wcc_1388,science_news,2
higgs_pre,higgs_pre_wcc_1389,science_news,2
higgs_pre,higgs_pre_wcc_1390,science_news,2
higgs_pre,higgs_pre_wcc_1391,science_news,2
higgs_pre,higgs_pre_wcc_1392,science_news,2
higgs_pre,higgs_pre_wcc_1393,science_news,2
higgs_pre,higgs_pre_wcc_1394,science_news,2
higgs_pre,higgs_pre_wcc_1395,science_news,2
higgs_pre,higgs_pre_wcc_1396,science_news,2
higgs_pre,higgs_pre_wcc_1397,science_news,2
higgs_pre,higgs_pre_wcc_1398,science_news,2
higgs_pre,higgs_pre_wcc_1399,science_news,2
higgs_pre,higgs_pre_wcc_1400,science_news,2
higgs_pre,higgs_pre_wcc_1401,science_news,2
higgs_pre,higgs_pre_wcc_1402,science_news,2
higgs_pre,higgs_pre_wcc_1403,science_news,2
higgs_pre,higgs_pre_wcc_1404,science_news,2
higgs_pre,higgs_pre_wcc_1405,science_news,2
higgs_pre,higgs_pre_wcc_1406,science_news,2
higgs_pre,higgs_pre_wcc_1407,science_news,2
higgs_pre,higgs_pre_wcc_1408,science_news,2
higgs_pre,higgs_pre_wcc_1409,science_news,2
higgs_pre,higgs_pre_wcc_1410,science_news,2
higgs_pre,higgs_pre_wcc_1411,science_news,2
higgs_pre,higgs_pre_wcc_1412,science_news,2
higgs_pre,higgs_pre_wcc_1413,science_news,2
higgs_pre,higgs_pre_wcc_1414,science_news,2
higgs_pre,higgs_pre_wcc_1415,science_news,2
higgs_pre,higgs_pre_wcc_1416,science_news,2
higgs_pre,higgs_pre_wcc_1417,science_news,2
higgs_pre,higgs_pre_wcc_1418,science_news,2
higgs_pre,higgs_pre_wcc_1419,science_news,2
higgs_pre,higgs_pre_wcc_1420,science_news,2
higgs_pre,higgs_pre_wcc_1421,science_news,2
higgs_pre,higgs_pre_wcc_1422,science_news,2
higgs_pre,higgs_pre_wcc_1423,science_news,2
higgs_pre,higgs_pre_wcc_1424,science_news,2
higgs_pre,higgs_pre_wcc_1425,science_news,2
higgs_pre,higgs_pre_wcc_1426,science_news,2
higgs_pre,higgs_pre_wcc_1427,science_news,2
higgs_pre,higgs_pre_wcc_1428,science_news,2
higgs_pre,higgs_pre_wcc_1429,science_news,2
higgs_pre,higgs_pre_wcc_1430,science_news,2
higgs_pre,higgs_pre_wcc_1431,science_news,2
higgs_pre,higgs_pre_wcc_1432,science_news,2
higgs_pre,higgs_pre_wcc_1433,science_news,2
higgs_pre,higgs_pre_wcc_1434,science_news,2
higgs_pre,higgs_pre_wcc_1435,science_news,2
higgs_pre,higgs_pre_wcc_1436,science_news,2
higgs_pre,higgs_pre_wcc_1437,science_news,2
higgs_pre,higgs_pre_wcc_1438,science_news,2
higgs_pre,higgs_pre_wcc_1439,science_news,2
higgs_pre,higgs_pre_wcc_1440,science_news,2
higgs_pre,higgs_pre_wcc_1441,science_news,2
higgs_pre,higgs_pre_wcc_1442,science_news,2
higgs_pre,higgs_pre_wcc_1443,science_news,2
higgs_pre,higgs_pre_wcc_1444,science_news,2
higgs_pre,higgs_pre_wcc_1445,science_news,2
higgs_pre,higgs_pre_wcc_1446,science_news,2
higgs_pre,higgs_pre_wcc_1447,science_news,2
higgs_pre,higgs_pre_wcc_1448,science_news,2
higgs_pre,higgs_pre_wcc_1449,science_news,2
higgs_pre,higgs_pre_wcc_1450,science_news,2
higgs_pre,higgs_pre_wcc_1451,science_news,2
higgs_pre,higgs_pre_wcc_1452,science_news,2
higgs_pre,higgs_pre_wcc_1453,science_news,2
higgs_pre,higgs_pre_wcc_1454,science_news,2
higgs_pre,higgs_pre_wcc_1455,science_news,2
higgs_pre,higgs_pre_wcc_1456,science_news,2
higgs_pre,higgs_pre_wcc_1457,science_news,2
higgs_pre,higgs_pre_wcc_1458,science_news,2
higgs_pre,higgs_pre_wcc_1459,science_news,2
higgs_pre,higgs_pre_wcc_1460,science_news,2
higgs_pre,higgs_pre_wcc_1461,science_news,2
higgs_pre,higgs_pre_wcc_1462,science_news,2
higgs_pre,higgs_pre_wcc_1463,science_news,2
higgs_pre,higgs_pre_wcc_1464,science_news,2
higgs_pre,higgs_pre_wcc_1465,science_news,2
higgs_pre,higgs_pre_wcc_1466,science_news,2
higgs_pre,higgs_pre_wcc_1467,science_news,2
higgs_pre,higgs_pre_wcc_1468,science_news,2
higgs_pre,higgs_pre_wcc_1469,science_news,2
higgs_pre,higgs_pre_wcc_1470,science_news,2
higgs_pre,higgs_pre_wcc_1471,science_news,2
higgs_pre,higgs_pre_wcc_1472,science_news,2
higgs_pre,higgs_pre_wcc_1473,science_news,2
higgs_pre,higgs_pre_wcc_1474,science_news,2
higgs_pre,higgs_pre_wcc_1475,science_news,2
higgs_pre,higgs_pre_wcc_1476,science_news,2
higgs_pre,higgs_pre_wcc_1477,science_news,2
higgs_pre,higgs_pre_wcc_1478,science_news,2
higgs_pre,higgs_pre_wcc_1479,science_news,2
higgs_pre,higgs_pre_wcc_1480,science_news,2
higgs_pre,higgs_pre_wcc_1481,science_news,2
higgs_pre,higgs_pre_wcc_1482,science_news,2
higgs_pre,higgs_pre_wcc_1483,science_news,2
higgs_pre,higgs_pre_wcc_1484,science_news,2
higgs_pre,higgs_pre_wcc_1485,science_news,2
higgs_pre,higgs_pre_wcc_1486,science_news,2
higgs_pre,higgs_pre_wcc_1487,science_news,2
higgs_pre,higgs_pre_wcc_1488,science_news,2
higgs_pre,higgs_pre_wcc_1489,science_news,2
higgs_pre,higgs_pre_wcc_1490,science_news,2
higgs_pre,higgs_pre_wcc_1491,science_news,2
higgs_pre,higgs_pre_wcc_1492,science_news,2
higgs_pre,higgs_pre_wcc_1493,science_news,2
higgs_pre,higgs_pre_wcc_1494,science_news,2
higgs_pre,higgs_pre_wcc_1495,science_news,2
higgs_pre,higgs_pre_wcc_1496,science_news,2
higgs_pre,higgs_pre_wcc_1497,science_news,2
higgs_pre,higgs_pre_wcc_1498,science_news,2
higgs_pre,higgs_pre_wcc_1499,science_news,2
higgs_pre,higgs_pre_wcc_1500,science_news,2
higgs_pre,higgs_pre_wcc_1501,science_news,2
higgs_pre,higgs_pre_wcc_1502,science_news,2
higgs_pre,higgs_pre_wcc_1503,science_news,2
higgs_pre,higgs_pre_wcc_1504,science_news,2
higgs_pre,higgs_pre_wcc_1505,science_news,2
higgs_pre,higgs_pre_wcc_1506,science_news,2
higgs_pre,higgs_pre_wcc_1507,science_news,2
higgs_pre,higgs_pre_wcc_1508,science_news,2
higgs_pre,higgs_pre_wcc_1509,science_news,2
higgs_pre,higgs_pre_wcc_1510,science_news,2
higgs_pre,higgs_pre_wcc_1511,science_news,2
higgs_pre,higgs_pre_wcc_1512,science_news,2
higgs_pre,higgs_pre_wcc_1513,science_news,2
higgs_pre,higgs_pre_wcc_1514,science_news,2
higgs_pre,higgs_pre_wcc_1515,science_news,2
higgs_pre,higgs_pre_wcc_1516,science_news,2
higgs_pre,higgs_pre_wcc_1517,science_news,2
higgs_pre,higgs_pre_wcc_1518,science_news,2
higgs_pre,higgs_pre_wcc_1519,science_news,2
higgs_pre,higgs_pre_wcc_1520,science_news,2
higgs_pre,higgs_pre_wcc_1521,science_news,2
higgs_pre,higgs_pre_wcc_1522,science_news,2
higgs_pre,higgs_pre_wcc_1523,science_news,2
higgs_pre,higgs_pre_wcc_1524,science_news,2
higgs_pre,higgs_pre_wcc_1525,science_news,2
higgs_pre,higgs_pre_wcc_1526,science_news,2
higgs_pre,higgs_pre_wcc_1527,science_news,2
higgs_pre,higgs_pre_wcc_1528,science_news,2
higgs_pre,higgs_pre_wcc_1529,science_news,2
higgs_pre,higgs_pre_wcc_1530,science_news,2
higgs_pre,higgs_pre_wcc_1531,science_news,2
higgs_pre,higgs_pre_wcc_1532,science_news,2
higgs_pre,higgs_pre_wcc_1533,science_news,2
higgs_pre,higgs_pre_wcc_1534,science_news,2
higgs_pre,higgs_pre_wcc_1535,science_news,2
higgs_pre,higgs_pre_wcc_1536,science_news,2
higgs_pre,higgs_pre_wcc_1537,science_news,2
higgs_pre,higgs_pre_wcc_1538,science_news,2
higgs_pre,higgs_pre_wcc_1539,science_news,2
higgs_pre,higgs_pre_wcc_1540,science_news,2
higgs_pre,higgs_pre_wcc_1541,science_news,2
higgs_pre,higgs_pre_wcc_1542,science_news,2
higgs_pre,higgs_pre_wcc_1543,science_news,2
higgs_pre,higgs_pre_wcc_1544,science_news,2
higgs_pre,higgs_pre_wcc_1545,science_news,2
higgs_pre,higgs_pre_wcc_1546,science_news,2
higgs_pre,higgs_pre_wcc_1547,science_news,2
higgs_pre,higgs_pre_wcc_1548,science_news,2
higgs_pre,higgs_pre_wcc_1549,science_news,2
higgs_pre,higgs_pre_wcc_1550,science_news,2
higgs_pre,higgs_pre_wcc_1551,science_news,2
higgs_pre,higgs_pre_wcc_1552,science_news,2
higgs_pre,higgs_pre_wcc_1553,science_news,2
higgs_pre,higgs_pre_wcc_1554,science_news,2
higgs_pre,higgs_pre_wcc_1555,science_news,2
higgs_pre,higgs_pre_wcc_1556,science_news,2
higgs_pre,higgs_pre_wcc_1557,science_news,2
higgs_pre,higgs_pre_wcc_1558,science_news,2
higgs_pre,higgs_pre_wcc_1559,science_news,2
higgs_pre,higgs_pre_wcc_1560,science_news,2
higgs_pre,higgs_pre_wcc_1561,science_news,2
higgs_pre,higgs_pre_wcc_1562,science_news,2
higgs_pre,higgs_pre_wcc_1563,science_news,2
higgs_pre,higgs_pre_wcc_1564,science_news,2
higgs_pre,higgs_pre_wcc_1565,science_news,2
higgs_pre,higgs_pre_wcc_1566,science_news,2
higgs_pre,higgs_pre_wcc_1567,science_news,2
higgs_pre,higgs_pre_wcc_1568,science_news,2
higgs_pre,higgs_pre_wcc_1569,science_news,2
higgs_pre,higgs_pre_wcc_1570,science_news,2
higgs_pre,higgs_pre_wcc_1571,science_news,2
higgs_pre,higgs_pre_wcc_1572,science_news,2
higgs_pre,higgs_pre_wcc_1573,science_news,2
higgs_pre,higgs_pre_wcc_1574,science_news,2
higgs_pre,higgs_pre_wcc_1575,science_news,2
higgs_pre,higgs_pre_wcc_1576,science_news,2
higgs_pre,higgs_pre_wcc_1577,science_news,2
higgs_pre,higgs_pre_wcc_1578,science_news,2
higgs_pre,higgs_pre_wcc_1579,science_news,2
higgs_pre,higgs_pre_wcc_1580,science_news,2
higgs_pre,higgs_pre_wcc_1581,science_news,2
higgs_pre,higgs_pre_wcc_1582,science_news,2
higgs_pre,higgs_pre_wcc_1583,science_news,2
higgs_pre,higgs_pre_wcc_1584,science_news,2
higgs_pre,higgs_pre_wcc_1585,science_news,2
higgs_pre,higgs_pre_wcc_1586,science_news,2
higgs_pre,higgs_pre_wcc_1587,science_news,2
higgs_pre,higgs_pre_wcc_1588,science_news,2
higgs_pre,higgs_pre_wcc_1589,science_news,2
higgs_pre,higgs_pre_wcc_1590,science_news,2
higgs_pre,higgs_pre_wcc_1591,science_news,2
higgs_pre,higgs_pre_wcc_1592,science_news,2
higgs_pre,higgs_pre_wcc_1593,science_news,2
higgs_pre,higgs_pre_wcc_1594,science_news,2
higgs_pre,higgs_pre_wcc_1595,science_news,2
higgs_pre,higgs_pre_wcc_1596,science_news,2
higgs_pre,higgs_pre_wcc_1597,science_news,2
higgs_pre,higgs_pre_wcc_1598,science_news,2
higgs_pre,higgs_pre_wcc_1599,science_news,2
higgs_pre,higgs_pre_wcc_1600,science_news,2
higgs_pre,higgs_pre_wcc_1601,science_news,2
higgs_pre,higgs_pre_wcc_1602,science_news,2
higgs_pre,higgs_pre_wcc_1603,science_news,2
higgs_pre,higgs_pre_wcc_1604,science_news,2
higgs_pre,higgs_pre_wcc_1605,science_news,2
higgs_pre,higgs_pre_wcc_1606,science_news,2
higgs_pre,higgs_pre_wcc_1607,science_news,2
higgs_pre,higgs_pre_wcc_1608,science_news,2
higgs_pre,higgs_pre_wcc_1609,science_news,2
higgs_pre,higgs_pre_wcc_1610,science_news,2
higgs_pre,higgs_pre_wcc_1611,science_news,2
higgs_pre,higgs_pre_wcc_1612,science_news,2
higgs_pre,higgs_pre_wcc_1613,science_news,2
higgs_pre,higgs_pre_wcc_1614,science_news,2
higgs_pre,higgs_pre_wcc_1615,science_news,2
higgs_pre,higgs_pre_wcc_1616,science_news,2
higgs_pre,higgs_pre_wcc_1617,science_news,2
higgs_pre,higgs_pre_wcc_1618,science_news,2
higgs_pre,higgs_pre_wcc_1619,science_news,2
higgs_pre,higgs_pre_wcc_1620,science_news,2
higgs_pre,higgs_pre_wcc_1621,science_news,2
higgs_pre,higgs_pre_wcc_1622,science_news,2
higgs_pre,higgs_pre_wcc_1623,science_news,2
higgs_pre,higgs_pre_wcc_1624,science_news,2
higgs_pre,higgs_pre_wcc_1625,science_news,2
higgs_pre,higgs_pre_wcc_1626,science_news,2
higgs_pre,higgs_pre_wcc_1627,science_news,2
higgs_pre,higgs_pre_wcc_1628,science_news,2
higgs_pre,higgs_pre_wcc_1629,science_news,2
higgs_pre,higgs_pre_wcc_1630,science_news,2
higgs_pre,higgs_pre_wcc_1631,science_news,2
higgs_pre,higgs_pre_wcc_1632,science_news,2
higgs_pre,higgs_pre_wcc_1633,science_news,2
higgs_pre,higgs_pre_wcc_1634,science_news,2
higgs_pre,higgs_pre_wcc_1635,science_news,2
higgs_pre,higgs_pre_wcc_1636,science_news,2
higgs_pre,higgs_pre_wcc_1637,science_news,2
higgs_pre,higgs_pre_wcc_1638,science_news,2
higgs_pre,higgs_pre_wcc_1639,science_news,2
higgs_pre,higgs_pre_wcc_1640,science_news,2
higgs_pre,higgs_pre_wcc_1641,science_news,2
higgs_pre,higgs_pre_wcc_1642,science_news,2
higgs_pre,higgs_pre_wcc_1643,science_news,2
higgs_pre,higgs_pre_wcc_1644,science_news,2
higgs_pre,higgs_pre_wcc_1645,science_news,2
higgs_pre,higgs_pre_wcc_1646,science_news,2
higgs_pre,higgs_pre_wcc_1647,science_news,2
higgs_pre,higgs_pre_wcc_1648,science_news,2
higgs_pre,higgs_pre_wcc_1649,science_news,2
higgs_pre,higgs_pre_wcc_1650,science_news,2
higgs_pre,higgs_pre_wcc_1651,science_news,2
higgs_pre,higgs_pre_wcc_1652,science_news,2
higgs_pre,higgs_pre_wcc_1653,science_news,2
higgs_pre,higgs_pre_wcc_1654,science_news,2
higgs_pre,higgs_pre_wcc_1655,science_news,2
higgs_pre,higgs_pre_wcc_1656,science_news,2
higgs_pre,higgs_pre_wcc_1657,science_news,2
higgs_pre,higgs_pre_wcc_1658,science_news,2
higgs_pre,higgs_pre_wcc_1659,science_news,2
higgs_pre,higgs_pre_wcc_1660,science_news,2
higgs_pre,higgs_pre_wcc_1661,science_news,2
higgs_pre,higgs_pre_wcc_1662,science_news,2
higgs_pre,higgs_pre_wcc_1663,science_news,2
higgs_pre,higgs_pre_wcc_1664,science_news,2
higgs_pre,higgs_pre_wcc_1665,science_news,2
higgs_pre,higgs_pre_wcc_1666,science_news,2
higgs_pre,higgs_pre_wcc_1667,science_news,2
higgs_pre,higgs_pre_wcc_1668,science_news,2
higgs_pre,higgs_pre_wcc_1669,science_news,2
higgs_pre,higgs_pre_wcc_1670,science_news,2
higgs_pre,higgs_pre_wcc_1671,science_news,2
higgs_pre,higgs_pre_wcc_1672,science_news,2
higgs_pre,higgs_pre_wcc_1673,science_news,2
higgs_pre,higgs_pre_wcc_1674,science_news,2
higgs_pre,higgs_pre_wcc_1675,science_news,2
higgs_pre,higgs_pre_wcc_1676,science_news,2
higgs_pre,higgs_pre_wcc_1677,science_news,2
higgs_pre,higgs_pre_wcc_1678,science_news,2
higgs_pre,higgs_pre_wcc_1679,science_news,2
higgs_pre,higgs_pre_wcc_1680,science_news,2
higgs_pre,higgs_pre_wcc_1681,science_news,2
higgs_pre,higgs_pre_wcc_1682,science_news,2
higgs_pre,higgs_pre_wcc_1683,science_news,2
higgs_pre,higgs_pre_wcc_1684,science_news,2
higgs_pre,higgs_pre_wcc_1685,science_news,2
higgs_pre,higgs_pre_wcc_1686,science_news,2
higgs_pre,higgs_pre_wcc_1687,science_news,2
higgs_pre,higgs_pre_wcc_1688,science_news,2
higgs_pre,higgs_pre_wcc_1689,science_news,2
higgs_pre,higgs_pre_wcc_1690,science_news,2
higgs_pre,higgs_pre_wcc_1691,science_news,2
higgs_pre,higgs_pre_wcc_1692,science_news,2
higgs_pre,higgs_pre_wcc_1693,science_news,2
higgs_pre,higgs_pre_wcc_1694,science_news,2
higgs_pre,higgs_pre_wcc_1695,science_news,2
higgs_pre,higgs_pre_wcc_1696,science_news,2
higgs_pre,higgs_pre_wcc_1697,science_news,2
higgs_pre,higgs_pre_wcc_1698,science_news,2
higgs_pre,higgs_pre_wcc_1699,science_news,2
higgs_pre,higgs_pre_wcc_1700,science_news,2
higgs_pre,higgs_pre_wcc_1701,science_news,2
higgs_pre,higgs_pre_wcc_1702,science_news,2
higgs_pre,higgs_pre_wcc_1703,science_news,2
higgs_pre,higgs_pre_wcc_1704,science_news,2
higgs_pre,higgs_pre_wcc_1705,science_news,2
higgs_pre,higgs_pre_wcc_1706,science_news,2
higgs_pre,higgs_pre_wcc_1707,science_news,2
higgs_pre,higgs_pre_wcc_1708,science_news,2
higgs_pre,higgs_pre_wcc_1709,science_news,2
higgs_pre,higgs_pre_wcc_1710,science_news,2
higgs_pre,higgs_pre_wcc_1711,science_news,2
higgs_pre,higgs_pre_wcc_1712,science_news,2
higgs_pre,higgs_pre_wcc_1713,science_news,2
higgs_pre,higgs_pre_wcc_1714,science_news,2
higgs_pre,higgs_pre_wcc_1715,science_news,2
higgs_pre,higgs_pre_wcc_1716,science_news,2
higgs_pre,higgs_pre_wcc_1717,science_news,2
higgs_pre,higgs_pre_wcc_1718,science_news,2
higgs_pre,higgs_pre_wcc_1719,science_news,2
higgs_pre,higgs_pre_wcc_1720,science_news,2
higgs_pre,higgs_pre_wcc_1721,science_news,2
higgs_pre,higgs_pre_wcc_1722,science_news,2
higgs_pre,higgs_pre_wcc_1723,science_news,2
higgs_pre,higgs_pre_wcc_1724,science_news,2
higgs_pre,higgs_pre_wcc_1725,science_news,2
higgs_pre,higgs_pre_wcc_1726,science_news,2
higgs_pre,higgs_pre_wcc_1727,science_news,2
higgs_pre,higgs_pre_wcc_1728,science_news,2
higgs_pre,higgs_pre_wcc_1729,science_news,2
higgs_pre,higgs_pre_wcc_1730,science_news,2
higgs_pre,higgs_pre_wcc_1731,science_news,2
higgs_pre,higgs_pre_wcc_1732,science_news,2
higgs_pre,higgs_pre_wcc_1733,science_news,2
higgs_pre,higgs_pre_wcc_1734,science_news,2
higgs_pre,higgs_pre_wcc_1735,science_news,2
higgs_pre,higgs_pre_wcc_1736,science_news,2
higgs_pre,higgs_pre_wcc_1737,science_news,2
higgs_pre,higgs_pre_wcc_1738,science_news,2
higgs_pre,higgs_pre_wcc_1739,science_news,2
higgs_pre,higgs_pre_wcc_1740,science_news,2
higgs_pre,higgs_pre_wcc_1741,science_news,2
higgs_pre,higgs_pre_wcc_1742,science_news,2
higgs_pre,higgs_pre_wcc_1743,science_news,2
higgs_pre,higgs_pre_wcc_1744,science_news,2
higgs_pre,higgs_pre_wcc_1745,science_news,2
higgs_pre,higgs_pre_wcc_1746,science_news,2
higgs_pre,higgs_pre_wcc_1747,science_news,2
higgs_pre,higgs_pre_wcc_1748,science_news,2
higgs_pre,higgs_pre_wcc_1749,science_news,2
higgs_pre,higgs_pre_wcc_1750,science_news,2
higgs_pre,higgs_pre_wcc_1751,science_news,2
higgs_pre,higgs_pre_wcc_1752,science_news,2
higgs_pre,higgs_pre_wcc_1753,science_news,2
higgs_pre,higgs_pre_wcc_1754,science_news,2
higgs_pre,higgs_pre_wcc_1755,science_news,2
higgs_pre,higgs_pre_wcc_1756,science_news,2
higgs_pre,higgs_pre_wcc_1757,science_news,2
higgs_pre,higgs_pre_wcc_1758,science_news,2
higgs_pre,higgs_pre_wcc_1759,science_news,2
higgs_pre,higgs_pre_wcc_1760,science_news,2
higgs_pre,higgs_pre_wcc_1761,science_news,2
higgs_pre,higgs_pre_wcc_1762,science_news,2
higgs_pre,higgs_pre_wcc_1763,science_news,2
higgs_pre,higgs_pre_wcc_1764,science_news,2
higgs_pre,higgs_pre_wcc_1765,science_news,2
higgs_pre,higgs_pre_wcc_1766,science_news,2
higgs_pre,higgs_pre_wcc_1767,science_news,2
higgs_pre,higgs_pre_wcc_1768,science_news,2
higgs_pre,higgs_pre_wcc_1769,science_news,2
higgs_pre,higgs_pre_wcc_1770,science_news,2
higgs_pre,higgs_pre_wcc_1771,science_news,2
higgs_pre,higgs_pre_wcc_1772,science_news,2
higgs_pre,higgs_pre_wcc_1773,science_news,2
higgs_pre,higgs_pre_wcc_1774,science_news,2
higgs_pre,higgs_pre_wcc_1775,science_news,2
higgs_pre,higgs_pre_wcc_1776,science_news,2
higgs_pre,higgs_pre_wcc_1777,science_news,2
higgs_pre,higgs_pre_wcc_1778,science_news,2
higgs_pre,higgs_pre_wcc_1779,science_news,2
higgs_pre,higgs_pre_wcc_1780,science_news,2
higgs_pre,higgs_pre_wcc_1781,science_news,2
higgs_pre,higgs_pre_wcc_1782,science_news,2
higgs_pre,higgs_pre_wcc_1783,science_news,2
higgs_pre,higgs_pre_wcc_1784,science_news,2
higgs_pre,higgs_pre_wcc_1785,science_news,2
higgs_pre,higgs_pre_wcc_1786,science_news,2
higgs_pre,higgs_pre_wcc_1787,science_news,2
higgs_pre,higgs_pre_wcc_1788,science_news,2
higgs_pre,higgs_pre_wcc_1789,science_news,2
higgs_pre,higgs_pre_wcc_1790,science_news,2
higgs_pre,higgs_pre_wcc_1791,science_news,2
higgs_pre,higgs_pre_wcc_1792,science_news,2
higgs_pre,higgs_pre_wcc_1793,science_news,2
higgs_pre,higgs_pre_wcc_1794,science_news,2
higgs_pre,higgs_pre_wcc_1795,science_news,2
higgs_pre,higgs_pre_wcc_1796,science_news,2
higgs_pre,higgs_pre_wcc_1797,science_news,2
higgs_pre,higgs_pre_wcc_1798,science_news,2
higgs_pre,higgs_pre_wcc_1799,science_news,2
higgs_pre,higgs_pre_wcc_1800,science_news,2
higgs_pre,higgs_pre_wcc_1801,science_news,2
higgs_pre,higgs_pre_wcc_1802,science_news,2
higgs_pre,higgs_pre_wcc_1803,science_news,2
higgs_pre,higgs_pre_wcc_1804,science_news,2
higgs_pre,higgs_pre_wcc_1805,science_news,2
higgs_pre,higgs_pre_wcc_1806,science_news,2
higgs_pre,higgs_pre_wcc_1807,science_news,2
higgs_pre,higgs_pre_wcc_1808,science_news,2
higgs_pre,higgs_pre_wcc_1809,science_news,2
higgs_pre,higgs_pre_wcc_1810,science_news,2
higgs_pre,higgs_pre_wcc_1811,science_news,2
higgs_pre,higgs_pre_wcc_1812,science_news,2
higgs_pre,higgs_pre_wcc_1813,science_news,2
higgs_pre,higgs_pre_wcc_1814,science_news,2
higgs_pre,higgs_pre_wcc_1815,science_news,2
higgs_pre,higgs_pre_wcc_1816,science_news,2
higgs_pre,higgs_pre_wcc_1817,science_news,2
higgs_pre,higgs_pre_wcc_1818,science_news,2
higgs_pre,higgs_pre_wcc_1819,science_news,2
higgs_pre,higgs_pre_wcc_1820,science_news,2
higgs_pre,higgs_pre_wcc_1821,science_news,2
higgs_pre,higgs_pre_wcc_1822,science_news,2
higgs_pre,higgs_pre_wcc_1823,science_news,2
higgs_pre,higgs_pre_wcc_1824,science_news,2
higgs_pre,higgs_pre_wcc_1825,science_news,2
higgs_pre,higgs_pre_wcc_1826,science_news,2
higgs_pre,higgs_pre_wcc_1827,science_news,2
higgs_pre,higgs_pre_wcc_1828,science_news,2
higgs_pre,higgs_pre_wcc_1829,science_news,2
higgs_pre,higgs_pre_wcc_1830,science_news,2
higgs_pre,higgs_pre_wcc_1831,science_news,2
higgs_pre,higgs_pre_wcc_1832,science_news,2
higgs_pre,higgs_pre_wcc_1833,science_news,2
higgs_pre,higgs_pre_wcc_1834,science_news,2
higgs_pre,higgs_pre_wcc_1835,science_news,2
higgs_pre,higgs_pre_wcc_1836,science_news,2
higgs_pre,higgs_pre_wcc_1837,science_news,2
higgs_pre,higgs_pre_wcc_1838,science_news,2
higgs_pre,higgs_pre_wcc_1839,science_news,2
higgs_pre,higgs_pre_wcc_1840,science_news,2
higgs_pre,higgs_pre_wcc_1841,science_news,2
higgs_pre,higgs_pre_wcc_1842,science_news,2
higgs_pre,higgs_pre_wcc_1843,science_news,2
higgs_pre,higgs_pre_wcc_1844,science_news,2
higgs_pre,higgs_pre_wcc_1845,science_news,2
higgs_pre,higgs_pre_wcc_1846,science_news,2
higgs_pre,higgs_pre_wcc_1847,science_news,2
higgs_pre,higgs_pre_wcc_1848,science_news,2
higgs_pre,higgs_pre_wcc_1849,science_news,2
higgs_pre,higgs_pre_wcc_1850,science_news,2
higgs_pre,higgs_pre_wcc_1851,science_news,2
higgs_pre,higgs_pre_wcc_1852,science_news,2
higgs_pre,higgs_pre_wcc_1853,science_news,2
higgs_pre,higgs_pre_wcc_1854,science_news,2
higgs_pre,higgs_pre_wcc_1855,science_news,2
higgs_pre,higgs_pre_wcc_1856,science_news,2
higgs_pre,higgs_pre_wcc_1857,science_news,2
higgs_pre,higgs_pre_wcc_1858,science_news,2
higgs_pre,higgs_pre_wcc_1859,science_news,2
higgs_pre,higgs_pre_wcc_1860,science_news,2
higgs_pre,higgs_pre_wcc_1861,science_news,2
higgs_pre,higgs_pre_wcc_1862,science_news,2
higgs_pre,higgs_pre_wcc_1863,science_news,2
higgs_pre,higgs_pre_wcc_1864,science_news,2
higgs_pre,higgs_pre_wcc_1865,science_news,2
higgs_pre,higgs_pre_wcc_1866,science_news,2
higgs_pre,higgs_pre_wcc_1867,science_news,2
higgs_pre,higgs_pre_wcc_1868,science_news,2
higgs_pre,higgs_pre_wcc_1869,science_news,2
higgs_pre,higgs_pre_wcc_1870,science_news,2
higgs_pre,higgs_pre_wcc_1871,science_news,2
higgs_pre,higgs_pre_wcc_1872,science_news,2
higgs_pre,higgs_pre_wcc_1873,science_news,2
higgs_pre,higgs_pre_wcc_1874,science_news,2
higgs_pre,higgs_pre_wcc_1875,science_news,2
higgs_pre,higgs_pre_wcc_1876,science_news,2
higgs_pre,higgs_pre_wcc_1877,science_news,2
higgs_pre,higgs_pre_wcc_1878,science_news,2
higgs_pre,higgs_pre_wcc_1879,science_news,2
higgs_pre,higgs_pre_wcc_1880,science_news,2
higgs_pre,higgs_pre_wcc_1881,science_news,2
higgs_pre,higgs_pre_wcc_1882,science_news,2
higgs_pre,higgs_pre_wcc_1883,science_news,2
higgs_pre,higgs_pre_wcc_1884,science_news,2
higgs_pre,higgs_pre_wcc_1885,science_news,2
higgs_pre,higgs_pre_wcc_1886,science_news,2
higgs_pre,higgs_pre_wcc_1887,science_news,2
higgs_pre,higgs_pre_wcc_1888,science_news,2
higgs_pre,higgs_pre_wcc_1889,science_news,2
higgs_pre,higgs_pre_wcc_1890,science_news,2
higgs_pre,higgs_pre_wcc_1891,science_news,2
higgs_pre,higgs_pre_wcc_1892,science_news,2
higgs_pre,higgs_pre_wcc_1893,science_news,2
higgs_pre,higgs_pre_wcc_1894,science_news,2
higgs_pre,higgs_pre_wcc_1895,science_news,2
higgs_pre,higgs_pre_wcc_1896,science_news,2
higgs_pre,higgs_pre_wcc_1897,science_news,2
higgs_pre,higgs_pre_wcc_1898,science_news,2
higgs_pre,higgs_pre_wcc_1899,science_news,2
higgs_pre,higgs_pre_wcc_1900,science_news,2
higgs_pre,higgs_pre_wcc_1901,science_news,2
higgs_pre,higgs_pre_wcc_1902,science_news,2
higgs_pre,higgs_pre_wcc_1903,science_news,2
higgs_pre,higgs_pre_wcc_1904,science_news,2
higgs_pre,higgs_pre_wcc_1905,science_news,2
higgs_pre,higgs_pre_wcc_1906,science_news,2
higgs_pre,higgs_pre_wcc_1907,science_news,2
higgs_pre,higgs_pre_wcc_1908,science_news,2
higgs_pre,higgs_pre_wcc_1909,science_news,2
higgs_pre,higgs_pre_wcc_1910,science_news,2
higgs_pre,higgs_pre_wcc_1911,science_news,2
higgs_pre,higgs_pre_wcc_1912,science_news,2
higgs_pre,higgs_pre_wcc_1913,science_news,2
higgs_pre,higgs_pre_wcc_1914,science_news,2
higgs_pre,higgs_pre_wcc_1915,science_news,2
higgs_pre,higgs_pre_wcc_1916,science_news,2
higgs_pre,higgs_pre_wcc_1917,science_news,2
higgs_pre,higgs_pre_wcc_1918,science_news,2
higgs_pre,higgs_pre_wcc_1919,science_news,2
higgs_pre,higgs_pre_wcc_1920,science_news,2
higgs_pre,higgs_pre_wcc_1921,science_news,2
higgs_pre,higgs_pre_wcc_1922,science_news,2
higgs_pre,higgs_pre_wcc_1923,science_news,2
higgs_pre,higgs_pre_wcc_1924,science_news,2
higgs_pre,higgs_pre_wcc_1925,science_news,2
higgs_pre,higgs_pre_wcc_1926,science_news,2
higgs_pre,higgs_pre_wcc_1927,science_news,2
higgs_pre,higgs_pre_wcc_1928,science_news,2
higgs_pre,higgs_pre_wcc_1929,science_news,2
higgs_pre,higgs_pre_wcc_1930,science_news,2
higgs_pre,higgs_pre_wcc_1931,science_news,2
higgs_pre,higgs_pre_wcc_1932,science_news,2
higgs_pre,higgs_pre_wcc_1933,science_news,2
higgs_pre,higgs_pre_wcc_1934,science_news,2
higgs_pre,higgs_pre_wcc_1935,science_news,2
higgs_pre,higgs_pre_wcc_1936,science_news,2
higgs_pre,higgs_pre_wcc_1937,science_news,2
higgs_pre,higgs_pre_wcc_1938,science_news,2
higgs_pre,higgs_pre_wcc_1939,science_news,2
higgs_pre,higgs_pre_wcc_1940,science_news,2
higgs_pre,higgs_pre_wcc_1941,science_news,2
higgs_pre,higgs_pre_wcc_1942,science_news,2
higgs_pre,higgs_pre_wcc_1943,science_news,2
higgs_pre,higgs_pre_wcc_1944,science_news,2
higgs_pre,higgs_pre_wcc_1945,science_news,2
higgs_pre,higgs_pre_wcc_1946,science_news,2
higgs_pre,higgs_pre_wcc_1947,science_news,2
higgs_pre,higgs_pre_wcc_1948,science_news,2
higgs_pre,higgs_pre_wcc_1949,science_news,2
higgs_pre,higgs_pre_wcc_1950,science_news,2
higgs_pre,higgs_pre_wcc_1951,science_news,2
higgs_pre,higgs_pre_wcc_1952,science_news,2
higgs_pre,higgs_pre_wcc_1953,science_news,2
higgs_pre,higgs_pre_wcc_1954,science_news,2
higgs_pre,higgs_pre_wcc_1955,science_news,2
higgs_pre,higgs_pre_wcc_1956,science_news,2
higgs_pre,higgs_pre_wcc_1957,science_news,2
higgs_pre,higgs_pre_wcc_1958,science_news,2
higgs_pre,higgs_pre_wcc_1959,science_news,2
higgs_pre,higgs_pre_wcc_1960,science_news,2
higgs_pre,higgs_pre_wcc_1961,science_news,2
higgs_pre,higgs_pre_wcc_1962,science_news,2
higgs_pre,higgs_pre_wcc_1963,science_news,2
higgs_pre,higgs_pre_wcc_1964,science_news,2
higgs_pre,higgs_pre_wcc_1965,science_news,2
higgs_pre,higgs_pre_wcc_1966,science_news,2
higgs_pre,higgs_pre_wcc_1967,science_news,2
higgs_pre,higgs_pre_wcc_1968,science_news,2
higgs_pre,higgs_pre_wcc_1969,science_news,2
higgs_pre,higgs_pre_wcc_1970,science_news,2
higgs_pre,higgs_pre_wcc_1971,science_news,2
higgs_pre,higgs_pre_wcc_1972,science_news,2
higgs_pre,higgs_pre_wcc_1973,science_news,2
higgs_pre,higgs_pre_wcc_1974,science_news,2
higgs_pre,higgs_pre_wcc_1975,science_news,2
higgs_pre,higgs_pre_wcc_1976,science_news,2
higgs_pre,higgs_pre_wcc_1977,science_news,2
higgs_pre,higgs_pre_wcc_1978,science_news,2
higgs_pre,higgs_pre_wcc_1979,science_news,2
higgs_pre,higgs_pre_wcc_1980,science_news,2
higgs_pre,higgs_pre_wcc_1981,science_news,2
higgs_pre,higgs_pre_wcc_1982,science_news,2
higgs_pre,higgs_pre_wcc_1983,science_news,2
higgs_pre,higgs_pre_wcc_1984,science_news,2
higgs_pre,higgs_pre_wcc_1985,science_news,2
higgs_pre,higgs_pre_wcc_1986,science_news,2
higgs_pre,higgs_pre_wcc_1987,science_news,2
higgs_pre,higgs_pre_wcc_1988,science_news,2
higgs_pre,higgs_pre_wcc_1989,science_news,2
higgs_pre,higgs_pre_wcc_1990,science_news,2
higgs_pre,higgs_pre_wcc_1991,science_news,2
higgs_pre,higgs_pre_wcc_1992,science_news,2
higgs_pre,higgs_pre_wcc_1993,science_news,2
higgs_pre,higgs_pre_wcc_1994,science_news,2
higgs_pre,higgs_pre_wcc_1995,science_news,2
higgs_pre,higgs_pre_wcc_1996,science_news,2
higgs_pre,higgs_pre_wcc_1997,science_news,2
higgs_pre,higgs_pre_wcc_1998,science_news,2
higgs_pre,higgs_pre_wcc_1999,science_news,2
higgs_pre,higgs_pre_wcc_2000,science_news,2
higgs_pre,higgs_pre_wcc_2001,science_news,2
higgs_pre,higgs_pre_wcc_2002,science_news,2
higgs_pre,higgs_pre_wcc_2003,science_news,2
higgs_pre,higgs_pre_wcc_2004,science_news,2
higgs_pre,higgs_pre_wcc_2005,science_news,2
higgs_pre,higgs_pre_wcc_2006,science_news,2
higgs_pre,higgs_pre_wcc_2007,science_news,2
higgs_pre,higgs_pre_wcc_2008,science_news,2
higgs_pre,higgs_pre_wcc_2009,science_news,2
higgs_pre,higgs_pre_wcc_2010,science_news,2
higgs_pre,higgs_pre_wcc_2011,science_news,2
higgs_pre,higgs_pre_wcc_2012,science_news,2
higgs_pre,higgs_pre_wcc_2013,science_news,2
higgs_pre,higgs_pre_wcc_2014,science_news,2
higgs_pre,higgs_pre_wcc_2015,science_news,2
higgs_pre,higgs_pre_wcc_2016,science_news,2
higgs_pre,higgs_pre_wcc_2017,science_news,2
higgs_pre,higgs_pre_wcc_2018,science_news,2
higgs_pre,higgs_pre_wcc_2019,science_news,2
higgs_pre,higgs_pre_wcc_2020,science_news,2
higgs_pre,higgs_pre_wcc_2021,science_news,2
higgs_pre,higgs_pre_wcc_2022,science_news,2
higgs_pre,higgs_pre_wcc_2023,science_news,2
higgs_pre,higgs_pre_wcc_2024,science_news,2
higgs_pre,higgs_pre_wcc_2025,science_news,2
higgs_pre,higgs_pre_wcc_2026,science_news,2
higgs_pre,higgs_pre_wcc_2027,science_news,2
higgs_pre,higgs_pre_wcc_2028,science_news,2
higgs_pre,higgs_pre_wcc_2029,science_news,2
higgs_pre,higgs_pre_wcc_2030,science_news,2
higgs_pre,higgs_pre_wcc_2031,science_news,2
higgs_pre,higgs_pre_wcc_2032,science_news,2
higgs_pre,higgs_pre_wcc_2033,science_news,2
higgs_pre,higgs_pre_wcc_2034,science_news,2
higgs_pre,higgs_pre_wcc_2035,science_news,2
higgs_pre,higgs_pre_wcc_2036,science_news,2
higgs_pre,higgs_pre_wcc_2037,science_news,2
higgs_pre,higgs_pre_wcc_2038,science_news,2
higgs_pre,higgs_pre_wcc_2039,science_news,2
higgs_pre,higgs_pre_wcc_2040,science_news,2
higgs_pre,higgs_pre_wcc_2041,science_news,2
higgs_pre,higgs_pre_wcc_2042,science_news,2
higgs_pre,higgs_pre_wcc_2043,science_news,2
higgs_pre,higgs_pre_wcc_2044,science_news,2
higgs_pre,higgs_pre_wcc_2045,science_news,2
higgs_pre,higgs_pre_wcc_2046,science_news,2
higgs_pre,higgs_pre_wcc_2047,science_news,2
higgs_pre,higgs_pre_wcc_2048,science_news,2
higgs_pre,higgs_pre_wcc_2049,science_news,2
higgs_pre,higgs_pre_wcc_2050,science_news,2
higgs_pre,higgs_pre_wcc_2051,science_news,2
higgs_pre,higgs_pre_wcc_2052,science_news,2
higgs_pre,higgs_pre_wcc_2053,science_news,2
higgs_pre,higgs_pre_wcc_2054,science_news,2
higgs_pre,higgs_pre_wcc_2055,science_news,2
higgs_pre,higgs_pre_wcc_2056,science_news,2
higgs_pre,higgs_pre_wcc_2057,science_news,2
higgs_pre,higgs_pre_wcc_2058,science_news,2
higgs_pre,higgs_pre_wcc_2059,science_news,2
higgs_pre,higgs_pre_wcc_2060,science_news,2
higgs_pre,higgs_pre_wcc_2061,science_news,2
higgs_pre,higgs_pre_wcc_2062,science_news,2
higgs_pre,higgs_pre_wcc_2063,science_news,2
higgs_pre,higgs_pre_wcc_2064,science_news,2
higgs_pre,higgs_pre_wcc_2065,science_news,2
higgs_pre,higgs_pre_wcc_2066,science_news,2
higgs_pre,higgs_pre_wcc_2067,science_news,2
higgs_pre,higgs_pre_wcc_2068,science_news,2
higgs_pre,higgs_pre_wcc_2069,science_news,2
higgs_pre,higgs_pre_wcc_2070,science_news,2
higgs_pre,higgs_pre_wcc_2071,science_news,2
higgs_pre,higgs_pre_wcc_2072,science_news,2
higgs_pre,higgs_pre_wcc_2073,science_news,2
higgs_pre,higgs_pre_wcc_2074,science_news,2
higgs_pre,higgs_pre_wcc_2075,science_news,2
higgs_pre,higgs_pre_wcc_2076,science_news,2
higgs_pre,higgs_pre_wcc_2077,science_news,2
higgs_pre,higgs_pre_wcc_2078,science_news,2
higgs_pre,higgs_pre_wcc_2079,science_news,2
higgs_pre,higgs_pre_wcc_2080,science_news,2
higgs_pre,higgs_pre_wcc_2081,science_news,2
higgs_pre,higgs_pre_wcc_2082,science_news,2
higgs_pre,higgs_pre_wcc_2083,science_news,2
higgs_pre,higgs_pre_wcc_2084,science_news,2
higgs_pre,higgs_pre_wcc_2085,science_news,2
higgs_pre,higgs_pre_wcc_2086,science_news,2
higgs_pre,higgs_pre_wcc_2087,science_news,2
higgs_pre,higgs_pre_wcc_2088,science_news,2
higgs_pre,higgs_pre_wcc_2089,science_news,2
higgs_pre,higgs_pre_wcc_2090,science_news,2
higgs_pre,higgs_pre_wcc_2091,science_news,2
higgs_pre,higgs_pre_wcc_2092,science_news,2
higgs_pre,higgs_pre_wcc_2093,science_news,2
higgs_pre,higgs_pre_wcc_2094,science_news,2
higgs_pre,higgs_pre_wcc_2095,science_news,2
higgs_pre,higgs_pre_wcc_2096,science_news,2
higgs_pre,higgs_pre_wcc_2097,science_news,2
higgs_pre,higgs_pre_wcc_2098,science_news,2
higgs_pre,higgs_pre_wcc_2099,science_news,2
higgs_pre,higgs_pre_wcc_2100,science_news,2
higgs_pre,higgs_pre_wcc_2101,science_news,2
higgs_pre,higgs_pre_wcc_2102,science_news,2
higgs_pre,higgs_pre_wcc_2103,science_news,2
higgs_pre,higgs_pre_wcc_2104,science_news,2
higgs_pre,higgs_pre_wcc_2105,science_news,2
higgs_pre,higgs_pre_wcc_2106,science_news,2
higgs_pre,higgs_pre_wcc_2107,science_news,2
higgs_pre,higgs_pre_wcc_2108,science_news,2
higgs_pre,higgs_pre_wcc_2109,science_news,2
higgs_pre,higgs_pre_wcc_2110,science_news,2
higgs_pre,higgs_pre_wcc_2111,science_news,2
higgs_pre,higgs_pre_wcc_2112,science_news,2
higgs_pre,higgs_pre_wcc_2113,science_news,2
higgs_pre,higgs_pre_wcc_2114,science_news,2
higgs_pre,higgs_pre_wcc_2115,science_news,2
higgs_pre,higgs_pre_wcc_2116,science_news,2
higgs_pre,higgs_pre_wcc_2117,science_news,2
higgs_pre,higgs_pre_wcc_2118,science_news,2
higgs_pre,higgs_pre_wcc_2119,science_news,2
higgs_pre,higgs_pre_wcc_2120,science_news,2
higgs_pre,higgs_pre_wcc_2121,science_news,2
higgs_pre,higgs_pre_wcc_2122,science_news,2
higgs_pre,higgs_pre_wcc_2123,science_news,2
higgs_pre,higgs_pre_wcc_2124,science_news,2
higgs_pre,higgs_pre_wcc_2125,science_news,2
higgs_pre,higgs_pre_wcc_2126,science_news,2
higgs_pre,higgs_pre_wcc_2127,science_news,2
higgs_pre,higgs_pre_wcc_2128,science_news,2
higgs_pre,higgs_pre_wcc_2129,science_news,2
higgs_pre,higgs_pre_wcc_2130,science_news,2
higgs_pre,higgs_pre_wcc_2131,science_news,2
higgs_pre,higgs_pre_wcc_2132,science_news,2
higgs_pre,higgs_pre_wcc_2133,science_news,2
higgs_pre,higgs_pre_wcc_2134,science_news,2
higgs_pre,higgs_pre_wcc_2135,science_news,2
higgs_pre,higgs_pre_wcc_2136,science_news,2
higgs_pre,higgs_pre_wcc_2137,science_news,2
higgs_pre,higgs_pre_wcc_2138,science_news,2
higgs_pre,higgs_pre_wcc_2139,science_news,2
higgs_pre,higgs_pre_wcc_2140,science_news,2
higgs_pre,higgs_pre_wcc_2141,science_news,2
higgs_pre,higgs_pre_wcc_2142,science_news,2
higgs_pre,higgs_pre_wcc_2143,science_news,2
higgs_pre,higgs_pre_wcc_2144,science_news,2
higgs_pre,higgs_pre_wcc_2145,science_news,2
higgs_pre,higgs_pre_wcc_2146,science_news,2
higgs_pre,higgs_pre_wcc_2147,science_news,2
higgs_pre,higgs_pre_wcc_2148,science_news,2
higgs_pre,higgs_pre_wcc_2149,science_news,2
higgs_pre,higgs_pre_wcc_2150,science_news,2
higgs_pre,higgs_pre_wcc_2151,science_news,2
higgs_pre,higgs_pre_wcc_2152,science_news,2
higgs_pre,higgs_pre_wcc_2153,science_news,2
higgs_pre,higgs_pre_wcc_2154,science_news,2
higgs_pre,higgs_pre_wcc_2155,science_news,2
higgs_pre,higgs_pre_wcc_2156,science_news,2
higgs_pre,higgs_pre_wcc_2157,science_news,2
higgs_pre,higgs_pre_wcc_2158,science_news,2
higgs_pre,higgs_pre_wcc_2159,science_news,2
higgs_pre,higgs_pre_wcc_2160,science_news,2
higgs_pre,higgs_pre_wcc_2161,science_news,2
higgs_pre,higgs_pre_wcc_2162,science_news,2
higgs_pre,higgs_pre_wcc_2163,science_news,2
higgs_pre,higgs_pre_wcc_2164,science_news,2
higgs_pre,higgs_pre_wcc_2165,science_news,2
higgs_pre,higgs_pre_wcc_2166,science_news,2
higgs_pre,higgs_pre_wcc_2167,science_news,2
higgs_pre,higgs_pre_wcc_2168,science_news,2
higgs_pre,higgs_pre_wcc_2169,science_news,2
higgs_pre,higgs_pre_wcc_2170,science_news,2
higgs_pre,higgs_pre_wcc_2171,science_news,2
higgs_pre,higgs_pre_wcc_2172,science_news,2
higgs_pre,higgs_pre_wcc_2173,science_news,2
higgs_pre,higgs_pre_wcc_2174,science_news,2
higgs_pre,higgs_pre_wcc_2175,science_news,2
higgs_pre,higgs_pre_wcc_2176,science_news,2
higgs_pre,higgs_pre_wcc_2177,science_news,2
higgs_pre,higgs_pre_wcc_2178,science_news,2
higgs_pre,higgs_pre_wcc_2179,science_news,2
higgs_pre,higgs_pre_wcc_2180,science_news,2
higgs_pre,higgs_pre_wcc_2181,science_news,2
higgs_pre,higgs_pre_wcc_2182,science_news,2
higgs_pre,higgs_pre_wcc_2183,science_news,2
higgs_pre,higgs_pre_wcc_2184,science_news,2
higgs_pre,higgs_pre_wcc_2185,science_news,2
higgs_pre,higgs_pre_wcc_2186,science_news,2
higgs_pre,higgs_pre_wcc_2187,science_news,2
higgs_pre,higgs_pre_wcc_2188,science_news,2
higgs_pre,higgs_pre_wcc_2189,science_news,2
higgs_pre,higgs_pre_wcc_2190,science_news,2
higgs_pre,higgs_pre_wcc_2191,science_news,2
higgs_pre,higgs_pre_wcc_2192,science_news,2
higgs_pre,higgs_pre_wcc_2193,science_news,2
higgs_pre,higgs_pre_wcc_2194,science_news,2
higgs_pre,higgs_pre_wcc_2195,science_news,2
higgs_pre,higgs_pre_wcc_2196,science_news,2
higgs_pre,higgs_pre_wcc_2197,science_news,2
higgs_pre,higgs_pre_wcc_2198,science_news,2
higgs_pre,higgs_pre_wcc_2199,science_news,2
higgs_pre,higgs_pre_wcc_2200,science_news,2
higgs_pre,higgs_pre_wcc_2201,science_news,2
higgs_pre,higgs_pre_wcc_2202,science_news,2
higgs_pre,higgs_pre_wcc_2203,science_news,2
higgs_pre,higgs_pre_wcc_2204,science_news,2
higgs_pre,higgs_pre_wcc_2205,science_news,2
higgs_pre,higgs_pre_wcc_2206,science_news,2
higgs_pre,higgs_pre_wcc_2207,science_news,2
higgs_pre,higgs_pre_wcc_2208,science_news,2
higgs_pre,higgs_pre_wcc_2209,science_news,2
higgs_pre,higgs_pre_wcc_2210,science_news,2
higgs_pre,higgs_pre_wcc_2211,science_news,2
higgs_pre,higgs_pre_wcc_2212,science_news,2
higgs_pre,higgs_pre_wcc_2213,science_news,2
higgs_pre,higgs_pre_wcc_2214,science_news,2
higgs_pre,higgs_pre_wcc_2215,science_news,2
higgs_pre,higgs_pre_wcc_2216,science_news,2
higgs_pre,higgs_pre_wcc_2217,science_news,2
higgs_pre,higgs_pre_wcc_2218,science_news,2
higgs_pre,higgs_pre_wcc_2219,science_news,2
higgs_pre,higgs_pre_wcc_2220,science_news,2
higgs_pre,higgs_pre_wcc_2221,science_news,2
higgs_pre,higgs_pre_wcc_2222,science_news,2
higgs_pre,higgs_pre_wcc_2223,science_news,2
higgs_pre,higgs_pre_wcc_2224,science_news,2
